4.939219697858867164e+00,3.323678716736318428e+00,2.722946126846746306e+00,2.787818754341859329e+00,2.226739272476917275e+00,2.868401570078340512e+00,1.907785090402076777e+00,2.067978944863005264e+00,2.937561246269666082e+00,2.036068091039619610e+00,3.306754462727319321e+00,2.640637514116031426e+00,2.746353093998703088e+00,2.708732819656793911e+00,2.897462574195541318e+00,2.412565599411603756e+00,2.128726110040829678e+00,2.389757266103476052e+00,2.650056040897950549e+00,3.035592327475026941e+00,2.410615268155083424e+00,4.098760757189437776e+00,4.476257782777189220e+00,6.001990987387609167e+00,5.464761299399619077e+00,4.717234923222065390e+00,5.081962541377427200e+00,5.389408121993469969e+00,5.611033251510544773e+00,6.015665222464821049e+00,4.541029341693838539e+00,5.543232274141494109e+00,6.113244366150115461e+00,4.201370464960171525e+00,2.974604046946312863e+00,4.164019192914682144e+00,4.863977891718235469e+00,4.332140191305741794e+00,4.413707551159142817e+00,2.715165834164894765e+00,1.464027429105848377e+00,2.140767549010674564e+00,2.497560205166417635e+00,1.746585538780420555e+00,9.602883540708126997e-01,1.723965215544850160e+00,1.679706136934519201e+00,3.506437747046201814e+00,3.667298614417177749e+00,3.634884529271991127e+00,3.471812993587604979e+00,3.801869585943893348e+00,4.362308018124487319e+00,3.981165338813324350e+00,4.732706875603308383e+00,4.438859441508947512e+00,4.477911862067415427e+00,4.140749695713110690e+00,4.880050833400606081e+00,4.635356037272969409e+00,4.456739510271929383e+00,5.586439967744230017e+00,5.743735439796838982e+00,5.543923094718337552e+00,6.792677192177086098e+00
3.394521876682627060e+00,3.165756722644536669e+00,3.789010667318831072e+00,3.437775053244622736e+00,2.597472217248888882e+00,1.950789907371790255e+00,2.079019777494671040e+00,1.710314662076904302e+00,2.753312452443252401e+00,2.125804915118929106e+00,2.490159330003645088e+00,2.650176871759575725e+00,2.411655490898888310e+00,2.009290452512667358e+00,2.707230684598216364e+00,2.933083269049034492e+00,3.033965650576963213e+00,2.287426317102962070e+00,3.587097756680239335e+00,3.423171328194031027e+00,3.464284962194410955e+00,3.415381427772469891e+00,5.122655266787394801e+00,6.223860183224313225e+00,5.349475250730892029e+00,5.006202872750630917e+00,3.920405478764624085e+00,4.150885435689917635e+00,4.857660876185954990e+00,5.605463198037562655e+00,5.297933014658654294e+00,4.995462804126828082e+00,5.269788730337458205e+00,4.086688168096816121e+00,4.044195081494805777e+00,5.054714393249285287e+00,4.166040818289783232e+00,3.472321607579648806e+00,3.284667107946126929e+00,2.506017991716734450e+00,2.302790727840126728e+00,2.352230726369384683e+00,2.698330199660781581e+00,2.279035325908592924e+00,2.533205442291567522e+00,2.416132400853253870e+00,3.242752898494016822e+00,3.659119582987242048e+00,4.217994051230929742e+00,4.132169760710906026e+00,2.885759889758973351e+00,2.545094257218369460e+00,4.018685675250765144e+00,3.653732866141639501e+00,3.280826945159495800e+00,4.203556893899923708e+00,3.940276137337419993e+00,3.657561987936000847e+00,4.316364896150464148e+00,4.696086050951533863e+00,4.220924286390939528e+00,4.549822481743922786e+00,5.535666590807887033e+00,5.661758331979724446e+00,5.495391839272767420e+00
2.355514453858142065e+00,2.699519345670875481e+00,2.926358815100017274e+00,2.843055221580732983e+00,3.879204316596291946e+00,2.408459499523997405e+00,2.277410108859773352e+00,1.643331383580112881e+00,1.876384573274411105e+00,2.171765602758421565e+00,2.505116952698993593e+00,2.773673824898397644e+00,2.521698648503518658e+00,3.334318859360716480e+00,4.106696771750743657e+00,3.131439794250728603e+00,3.650062836535550304e+00,3.521793245830320274e+00,3.189897534571966009e+00,3.373198882078185967e+00,3.471120005500249572e+00,4.242756648281189591e+00,4.509622830953505357e+00,5.052341023173484658e+00,4.155234347249018079e+00,4.144859328835475587e+00,3.604542138792777628e+00,3.573972580289844991e+00,4.061396357028403514e+00,5.557086637700767717e+00,4.871315487856361592e+00,5.866104455626403258e+00,5.896021595046295971e+00,3.955651497668506433e+00,4.159444200571248196e+00,4.857052321677627127e+00,3.353392097149392015e+00,3.592474553345672117e+00,2.905851650690341792e+00,2.382737535168514054e+00,3.454341547714133043e+00,2.639748232404248718e+00,3.258177222010420593e+00,3.160416941412190095e+00,3.505899399278696649e+00,3.607124511704729031e+00,4.878588990613132559e+00,3.920754683588143497e+00,4.087132941091587313e+00,3.927228650620189665e+00,2.901725894194083999e+00,3.315047112735029167e+00,4.104497278172839714e+00,3.776755461646397638e+00,4.128870521760483747e+00,3.421755350232443149e+00,3.561140036169341272e+00,2.994807784509522897e+00,5.823102040940936419e+00,4.616222979740984833e+00,4.367766673696985791e+00,4.121752891864596258e+00,4.500033820849473010e+00,4.938982874713876647e+00,5.855917328612091133e+00
2.354811987158451636e+00,2.516462294248146936e+00,2.909269563062207631e+00,3.412511884774243054e+00,3.189357887292567195e+00,3.505367151828529426e+00,2.856353285788681529e+00,3.216370866192446165e+00,2.778095155743839584e+00,2.539086712707714355e+00,2.155569869441512409e+00,2.718210562071777581e+00,2.319870356933384947e+00,1.802815003266171834e+00,2.808413658376736954e+00,2.171108447465762037e+00,2.765969408189747014e+00,2.707730956571199776e+00,2.394693297415844579e+00,2.789150086898088077e+00,3.789363278246518085e+00,4.077797447722596225e+00,4.408358238228132997e+00,4.569072927042216570e+00,4.564671759512660465e+00,4.408013795215182995e+00,3.843047489175870357e+00,2.947615069078051153e+00,2.352994276175842003e+00,4.196593606964007073e+00,4.423478907246184200e+00,5.261635551209487893e+00,4.775174640133951875e+00,4.744769407590395005e+00,4.102451062424543160e+00,4.802007641331289989e+00,3.310325348601436346e+00,3.113659634255418585e+00,3.286726301395150873e+00,3.137283503606655533e+00,2.597996481982858707e+00,2.615907785314881995e+00,3.515277363908198893e+00,3.954499715480470190e+00,4.796229428214959789e+00,4.121636889876318932e+00,4.880315284169059353e+00,3.989540625533361418e+00,4.209278536830566964e+00,3.912407249982646107e+00,3.580993859126730516e+00,3.514019246957352571e+00,3.829751162671269249e+00,3.632420983846827767e+00,3.109046865307179441e+00,3.283001454744066017e+00,3.765746031279831207e+00,3.983991231968245117e+00,3.922850084481073196e+00,3.796627341586547466e+00,4.757203019777638708e+00,4.748033056791057582e+00,4.741500080014987795e+00,4.001663097055589979e+00,6.104124310828538569e+00
2.582804114132208895e+00,2.748864533944566091e+00,2.736343430043937097e+00,2.972981716319533785e+00,2.359437125096467192e+00,3.297939417689272013e+00,2.871520706247234322e+00,2.014532108759151896e+00,3.789038848549051153e+00,2.901750951756524977e+00,2.726854490696712929e+00,1.867777764448094180e+00,2.078546462396839267e+00,2.540706931859936013e+00,1.861761090103431826e+00,1.495475158019200501e+00,2.573635294072135871e+00,2.219528805335460042e+00,1.301105363172226914e+00,2.863059229268763328e+00,4.477935136206712130e+00,4.436679054106822839e+00,5.048372013498799937e+00,4.374607445494882896e+00,4.240762292611290007e+00,3.645944799566341210e+00,3.710069290135992848e+00,2.774492563710320603e+00,2.303887088977106146e+00,3.665328236950097907e+00,3.987347217601506344e+00,5.022712900733511177e+00,4.982259801983403236e+00,4.665645657905838739e+00,3.588414690011361596e+00,3.481295261913946781e+00,2.777730956263237516e+00,3.300358631497654294e+00,3.925554136007094019e+00,3.622453550526914423e+00,2.802248583295901430e+00,3.240196262034195751e+00,2.907444118486177675e+00,3.840399167649848344e+00,5.586903172491276770e+00,3.610710293669887161e+00,4.528262557086053519e+00,4.598054330352504770e+00,4.715395723443166709e+00,4.394960355638414029e+00,4.404908350724622501e+00,2.620923359432584476e+00,3.487032850015720609e+00,3.143362334670936509e+00,2.525918261287629640e+00,3.409518404444915607e+00,3.672170100636846790e+00,3.891622968714207875e+00,4.430088976373059317e+00,4.936749980839339358e+00,5.923381199651620577e+00,5.292301777472397717e+00,4.725391695713513585e+00,4.811314497370463350e+00,5.392333622042774444e+00
2.226202197868097254e+00,3.616797549257925848e+00,2.593175883732794063e+00,2.605952782515646327e+00,2.599076152692048058e+00,1.281172732950257576e+00,1.944610209079524754e+00,2.242002173360547079e+00,2.807376309182610274e+00,2.926592639653511796e+00,2.820124270347969642e+00,3.514906456582304717e+00,3.153966423455085710e+00,2.979194545556991258e+00,1.561600422253262455e+00,9.855266802992361796e-01,9.828635701350123544e-01,1.095432367590549294e+00,1.478175107471880079e+00,2.887203256714630406e+00,3.781367128089172081e+00,4.314577907704584270e+00,3.756730885037292467e+00,3.700939861257436903e+00,3.147847849874256365e+00,3.319317128864478494e+00,3.423624976210311033e+00,3.471227988642354045e+00,2.790277295651297340e+00,3.264468386850598591e+00,4.656650449832519634e+00,3.212805027252458867e+00,4.497861998563749353e+00,4.425744265825585444e+00,4.068282688583667372e+00,3.550793800116264443e+00,3.885266621095951223e+00,3.838754150158216305e+00,3.344954559681690309e+00,3.255242066204790063e+00,2.750365378277884076e+00,3.477537095533531630e+00,3.356112531447466907e+00,1.910850146106887859e+00,3.297892443061737566e+00,3.449639516549688700e+00,4.025770961802447090e+00,4.144011236717999758e+00,3.750532303018785374e+00,3.429417148293506301e+00,3.943362622952568231e+00,4.005243311305721754e+00,3.598947386202949517e+00,3.863862598434102846e+00,2.588244175525131752e+00,3.462494574918295598e+00,3.450067480540026654e+00,4.551611442136473507e+00,4.854144896868532122e+00,4.661153091463337894e+00,4.579213711593859593e+00,4.409967673562597668e+00,5.173624302888699233e+00,4.978879211077541278e+00,5.489255428366393019e+00
3.846759225070854882e+00,2.398430238958730421e+00,4.093998124661572646e+00,2.689357066970581300e+00,2.053735498442729401e+00,1.379721237406130729e+00,1.316998005568089658e+00,2.244022506431655906e+00,4.090674173950369585e+00,4.003313114982817389e+00,3.961348565424933188e+00,3.805897701589561422e+00,3.156429500149907419e+00,2.831932310973767741e+00,2.530185228039716794e+00,1.093261897586833342e+00,6.248751769632840958e-01,9.426251409396225744e-01,1.949657556702472316e+00,2.198942423563468473e+00,3.458681346253466238e+00,2.760567115029016527e+00,3.270279810093609463e+00,3.599582763185709577e+00,4.158420633046516102e+00,4.307473045066750217e+00,3.433197843311396547e+00,3.220675411029085833e+00,3.715494015057470456e+00,4.075072872815966640e+00,4.780438157183112047e+00,3.377139695012663090e+00,3.633670749020545099e+00,3.864752127296932294e+00,4.028013865883575129e+00,3.212518859033091534e+00,3.648481984884297979e+00,3.836651941825290457e+00,4.113037966538830581e+00,3.086146440571661209e+00,3.146411753180511361e+00,1.985558242223431247e+00,1.447939462150509504e+00,1.656156595268813536e+00,3.312508927280901183e+00,3.199446205036592161e+00,2.939551265668014057e+00,3.053596031072529637e+00,3.409384647408304936e+00,3.284688872697929973e+00,2.430269637928242688e+00,2.543818248895597822e+00,3.430326319763103537e+00,3.640786518180304299e+00,3.780650449477231057e+00,4.128319831302876608e+00,3.922450831591137721e+00,4.416586095609690510e+00,4.602307151020464282e+00,5.507268782368307747e+00,5.435883377053173149e+00,4.910133247412299617e+00,6.326732205411263799e+00,5.030958309124411443e+00,4.371620827758317063e+00
2.923259659934537069e+00,2.722481594310312669e+00,2.778335348217026546e+00,2.547449179210520942e+00,1.708730837835963801e+00,-1.531898851355678326e-01,2.432804881233635808e+00,2.295368893449159398e+00,2.554750213618972143e+00,2.803344693138172250e+00,3.743430601161430005e+00,2.421841272146762591e+00,3.615340831546573597e+00,3.294489148506945853e+00,2.126351609674077103e+00,1.720558985929338203e+00,1.574147520608696116e+00,1.612584292997309987e+00,1.273719991252656669e+00,1.125182955074301105e+00,2.080033817885595493e+00,1.798822740969175049e+00,3.380171791843695317e+00,4.186079318291126228e+00,4.798671170788510132e+00,4.668141256216286727e+00,3.209578320153054332e+00,3.939081252271944500e+00,3.322108000800028105e+00,3.204901018247783728e+00,3.235618014454948010e+00,3.315292107276466282e+00,3.267629493112422789e+00,4.173166277989440509e+00,2.998399609270991473e+00,2.875600076629490687e+00,3.246023509938566143e+00,3.837044956367031467e+00,2.576756878229588654e+00,2.756766639099373251e+00,2.633143718279381318e+00,1.371331740829574208e+00,2.018842998263985056e+00,1.875816346019371306e+00,2.278503777285713738e+00,2.934309678046157721e+00,2.175900788327039148e+00,1.336293533982316761e+00,2.766272253799559877e+00,2.629597136429246529e+00,2.300355364562624683e+00,3.159093397461637309e+00,3.092959908193351204e+00,3.827940629704625231e+00,2.946439869986895665e+00,3.611309392073772884e+00,4.192771112730743432e+00,4.599476096396697855e+00,4.449202392342176182e+00,5.509625755972019867e+00,5.812137608861450033e+00,5.604524213269504784e+00,5.859693203790588889e+00,5.078775045666753307e+00,4.963211699926145748e+00
4.179631969563048166e+00,2.810595890311243572e+00,1.275380763822283603e+00,1.435446551424965467e+00,7.420027092125603962e-01,9.799905641430216585e-01,1.643650702751069392e+00,1.396399301649285052e+00,9.121805171670077650e-01,1.559763644432508256e+00,2.350643316040473163e+00,2.672973834296326068e+00,3.714205242776837945e+00,2.671560367952197979e+00,2.289445368061516994e+00,1.834454106951327601e+00,1.017110506559137484e+00,2.961285241760107101e-01,-2.727518731992533141e-01,5.015589254499842609e-01,1.556842803242399986e+00,2.361645475344176681e+00,3.941453951352567486e+00,3.958727992255512973e+00,5.104743930280664976e+00,4.854842133905224344e+00,3.872837115554284448e+00,3.676566878580670661e+00,4.711970117649403988e+00,2.989282659341331971e+00,3.681056320030607232e+00,2.684608081219687747e+00,2.967996235310605524e+00,3.491677549868729802e+00,3.682025553316250921e+00,2.793173395569976680e+00,1.927224069294084297e+00,2.327982103114339285e+00,2.259550778671104876e+00,2.457830073757048872e+00,2.597564393721647935e+00,1.266952369443517412e+00,1.170250040509278833e+00,1.050096885175683337e+00,2.076106380288477382e+00,2.440436719391807951e+00,2.396291408074771923e+00,2.662192647022710190e+00,2.721427949343508512e+00,3.101192933482867620e+00,2.784440890248956357e+00,2.859427104596675040e+00,1.934618800906608982e+00,2.869493165562988946e+00,3.649429404270121413e+00,3.638235424770557280e+00,4.631996368616698945e+00,3.715917233604904446e+00,4.227954709660098231e+00,5.275227165313625122e+00,4.995930079008080504e+00,4.787107149920576177e+00,5.913249941361575779e+00,5.596847349819045192e+00,5.138081323016318258e+00
2.872367101817216550e+00,2.455938173063385133e+00,2.501634414570462095e+00,9.516146312040816291e-01,3.093107768753924902e-01,1.628486040954169045e+00,1.508909348483269852e+00,1.911310050571315700e-01,8.914780352478932635e-01,1.698589618432452930e+00,2.141089605974608290e+00,1.875339737026735065e+00,2.607266044319227483e+00,2.809443482339019305e+00,2.685490671103500482e+00,1.463575688432962707e+00,7.780369251929672991e-01,-5.083420061668467160e-02,2.123744069700750914e-01,9.237988358387648757e-01,9.507681482069875178e-01,2.209226329643471320e+00,3.724369949389156886e+00,3.941046775757585774e+00,4.003749748770907502e+00,4.467546967435390926e+00,4.462714052894529715e+00,6.160104028642843232e+00,4.625232712314606864e+00,4.207797940146174476e+00,4.004300156854623260e+00,2.766859450338751358e+00,3.107153562184180373e+00,3.262420810026658735e+00,4.591403717859070532e+00,4.320882105651621785e+00,2.484933156236272200e+00,2.316751828895009968e+00,1.591071858567039143e+00,2.194591899578005822e+00,2.120478667712465182e+00,1.534707556519962823e+00,1.389246142310100574e+00,4.014824188477313927e-01,1.150219475926645529e+00,2.024329735566781530e+00,2.448874876244711452e+00,3.261786810313870966e+00,2.841454156446655333e+00,2.846048617629839406e+00,2.880806917488888175e+00,2.413235540692873826e+00,2.837413661520241881e+00,3.232253001646919088e+00,3.178046087269986941e+00,3.191244591763008565e+00,3.800286678546159091e+00,4.291877217909971343e+00,4.147089583697175286e+00,4.748210877725971280e+00,4.924711751922942859e+00,5.788247899846242994e+00,5.064588755729556802e+00,5.327783652984836138e+00,4.939256799854292446e+00
2.667937741268541885e+00,1.984956174164516085e+00,1.570447709870996356e+00,4.171733661882432442e-01,8.273457060351521175e-01,1.021764380088904689e+00,6.105697402229388615e-01,3.866821125625438671e-01,5.081925038536381223e-01,4.616802183902432577e-01,2.839578247835887304e+00,2.622125093419619191e+00,1.667769940160349407e+00,2.905695420344538427e+00,1.794029952891249113e+00,1.284818708871694470e+00,1.042984989316638744e+00,-9.478178391110758660e-01,-1.786990759988306143e-01,1.240135390466499565e+00,1.184415338803623374e+00,1.730685116924310041e+00,3.081087795699637422e+00,3.259535403924374020e+00,3.109070194652150398e+00,3.069546738463415636e+00,3.856271234218486832e+00,4.386091452791454515e+00,3.063597205242451604e+00,3.805224237099941842e+00,2.950054308319986607e+00,2.617728564693924564e+00,3.073699922573136512e+00,3.282880400579194280e+00,4.947257806768243782e+00,4.157850898005933438e+00,2.663955791005213847e+00,2.257912396077517148e+00,2.230401762400627153e+00,1.901256346775408668e+00,1.373105165252967996e+00,1.436595072797387296e+00,1.532217531227189067e+00,7.822602948584250759e-01,2.837588982326739173e-01,9.629307003683805766e-01,1.863638149002103450e+00,2.388836910214031217e+00,2.650757768548697157e+00,2.380920591097444472e+00,3.327245635982309047e+00,3.164376151343947008e+00,2.778546909519679087e+00,3.701724628712278253e+00,3.922998698668345607e+00,2.900029698218886232e+00,3.588102191978770339e+00,3.515635383042879702e+00,4.200883688002196692e+00,4.893314234975635557e+00,5.006285172703947239e+00,5.304937787935557481e+00,5.839353774292569632e+00,5.221298287437409869e+00,4.699328449097343707e+00
1.399147133156607214e+00,1.127777041001597036e+00,1.154679808420125298e+00,5.670748400817998691e-01,6.813439647409216260e-01,7.022839215438804183e-01,-2.000701579217108173e-01,-1.871905290724267257e-01,-4.358854106972074316e-01,-1.478079649486916947e-01,3.520975163638468963e-01,2.250363126820917437e+00,1.166541835624778756e+00,9.397559802932162754e-01,2.557407141143275831e-01,-2.598712049973133653e-01,-2.913925492454149668e-01,-9.809062022770891343e-01,2.720920867929538245e-02,3.006037490627847530e-01,1.258437621858660815e+00,1.690031878589207448e+00,1.816681342036963631e+00,2.580165253435124928e+00,2.284779085856420089e+00,1.701021935422293518e+00,3.127361215646057957e+00,2.332234165125810943e+00,3.331307774368865271e+00,2.648532097852470457e+00,2.857923618578277480e+00,2.239517050281134125e+00,2.812857518105278842e+00,4.095902766688333863e+00,4.574234035001560450e+00,4.346282527998919676e+00,2.935654777163842155e+00,2.006519281496773388e+00,1.851388081580531475e+00,1.770298831298635411e+00,1.721076427334155001e+00,7.030258826236300829e-01,2.036144539322978009e+00,9.879129030017070878e-01,-2.466295239721778831e-01,4.996561647294974762e-01,1.278252448995479185e+00,1.261017002087503336e+00,1.386462922525431019e+00,2.016771109465499201e+00,3.380654076024430132e+00,3.059234918703126915e+00,4.186467075972465146e+00,3.819151874157876492e+00,3.113343091240340144e+00,3.462957181799039663e+00,2.743268282580424433e+00,2.662505540852520447e+00,2.970764558462674731e+00,3.596533536628178762e+00,4.325097478059317879e+00,4.023821900945479868e+00,4.061698592397590346e+00,4.425111650599452773e+00,3.464655206902204743e+00
2.586360718065177644e-01,1.017617132737406171e+00,1.556264263442021623e+00,1.135376688465239425e+00,1.405315275478919768e+00,8.783388526177499100e-01,1.024261477568223055e+00,-4.506951715375039913e-01,-2.773840681236523498e-01,-5.573980190067252538e-01,1.326002311281796742e-01,1.244921894990771882e+00,2.116256077551547654e-01,2.567950517534741545e-02,-1.606655960305157560e+00,-9.949923240067949370e-01,-2.108534369111403795e+00,-1.107268426189458532e+00,-5.528302935912892124e-01,1.155979658197622495e+00,1.697047730829970513e+00,1.480938439598751710e+00,8.683788016198846771e-01,1.290179887275948012e+00,1.891474299216656885e+00,2.521458812547698880e+00,1.892785195203988691e+00,2.365583547583936408e+00,1.952531958403890266e+00,3.056268307022998343e+00,2.620973335518692160e+00,3.157478239122685437e+00,2.686037626335325168e+00,3.343519490582735010e+00,4.269632450615355346e+00,3.489045469390723575e+00,3.347651591042688501e+00,2.890233978072273224e+00,1.688554850248946915e+00,1.603061618407659816e+00,3.278520916725427004e+00,2.579347547586185563e+00,3.518709502151121882e+00,1.420951820754601469e+00,-5.218548347531082321e-01,8.358951105510391555e-01,1.313866920887402090e+00,1.854256159814672955e+00,1.778263847322535618e+00,1.774244810884805457e+00,3.199604602396477482e+00,3.660228359551017441e+00,4.297481958600712026e+00,3.389766598473764159e+00,3.348722818287208192e+00,3.719857244238280902e+00,3.029948627281913165e+00,2.772535572288420624e+00,3.005340568343122243e+00,3.477950458246352294e+00,3.795859021268365829e+00,3.870358371234911665e+00,4.266689099134225671e+00,3.751882046368721912e+00,3.150879728040782091e+00
1.191991769954573233e+00,1.869256731737315658e+00,8.048723905587563676e-01,1.103263798495742298e+00,6.308313172722459505e-01,5.603180562526667297e-01,2.403044299587783761e-01,-2.671048429518162459e-01,-7.843919024727673550e-01,-1.708845369743985376e+00,-8.007794909824077489e-01,-5.599923303024921806e-01,-4.956841355683930805e-01,-1.280482673357684398e+00,-1.711949099977576827e+00,-1.582149263593577659e+00,-2.162822183743594806e+00,-1.642173544627203663e+00,-1.354673247176653716e-01,7.551952124473194639e-01,9.189965133176315470e-01,1.894097648243739940e+00,1.057459491241137695e+00,1.098204021576448364e+00,1.327410648628080336e+00,2.015986028620504023e+00,1.641044696016223048e+00,1.857725695475445304e+00,2.079090301777577476e+00,3.783237399900587050e+00,2.674677011345645727e+00,3.718572504678610446e+00,3.234044042511388994e+00,4.434264005186025592e+00,2.850045245542380812e+00,2.509000067896385744e+00,2.439190988805368221e+00,1.838500587203981684e+00,1.902409546943856222e+00,2.582878165975084794e+00,2.150003123524697912e+00,2.278136148064241251e+00,2.520430043559298117e+00,1.373537410571381290e-01,4.951679288251691902e-01,8.942346107586224280e-01,1.408443172693140788e+00,1.935538293239169594e+00,6.313937592358354056e-01,1.489928606977522829e+00,2.720859441106262100e+00,3.605466431596334065e+00,4.051211739213112395e+00,3.436192816069800315e+00,3.292829317053714178e+00,3.820728456940041262e+00,3.188332429431688819e+00,3.450165967807071965e+00,3.050173833104156795e+00,3.352615963155147316e+00,3.967638254034126621e+00,3.529537265385422451e+00,3.541786881963654210e+00,3.095962150483738462e+00,3.081912731711238251e+00
5.119472582789195148e-01,9.466313288080624444e-01,1.466707135020446362e+00,7.672939362435997612e-01,1.604487303688704181e-01,1.043233237869135355e+00,-8.127265737548249325e-01,-8.729563148172169162e-01,-2.617610519854939533e+00,-1.463326457720408813e+00,-1.313502188206423060e+00,-1.769976330579163815e+00,-1.889888798127431491e+00,-2.496986765656706631e+00,-2.391546241926312266e+00,-2.160847801444326421e+00,-2.642990300379330471e+00,-2.176295873782251533e+00,-1.473777207295438929e+00,6.028343023900505776e-02,1.455424482711980438e+00,8.392264700353034845e-01,5.021075414551763316e-01,2.022897529775560699e+00,2.638183348737750844e+00,3.041089641894360263e+00,3.564617970414764692e+00,2.137100464841970027e+00,1.686466924146248214e+00,3.228407751746236620e+00,3.395922345142708743e+00,3.439980660738608531e+00,3.002160259805979337e+00,3.409921577185255348e+00,2.979487545251135572e+00,2.697311508785303236e+00,2.587221985935101110e+00,9.396124625713757617e-01,1.882260104424149816e+00,1.903965446192709132e+00,1.718877012954971084e+00,2.061191719656841226e+00,1.265507088701581795e+00,8.963015364807459529e-01,1.305414129442080462e+00,1.421568502061746342e+00,2.214171643077289531e+00,1.606442858352697289e+00,2.804997302583214225e-01,1.650266206821727089e+00,2.776620169597848964e+00,3.110115796082411066e+00,3.173634000145468814e+00,3.276143417646500744e+00,2.849648397768654640e+00,3.384565727031910054e+00,4.324032782522369445e+00,3.853509104065795832e+00,3.416742986874521826e+00,2.449307271292499699e+00,2.935873962469883303e+00,2.611083035358938265e+00,3.405003961584413652e+00,3.439505592714244830e+00,3.717577158074144350e+00
4.919254515705826503e-01,4.172145584406279362e-01,5.134795588787171017e-01,1.029655674507782503e+00,2.210262662373054243e-01,5.011638625882784970e-01,-1.046019907626110301e+00,-1.498073285869913729e+00,-2.273802966885061672e+00,-2.037678425596401333e+00,-1.665342452403876017e+00,-2.337949840757295839e+00,-2.959893446603909517e+00,-4.100443150615621590e+00,-2.841894178811358973e+00,-3.043309779548526883e+00,-3.570982007746129838e+00,-2.857885037183922172e+00,-1.890994011932145114e+00,-3.078281950879172349e-02,8.699080647088832663e-01,9.915331929636374275e-02,1.250434900636410163e+00,2.055769499714410919e+00,3.831398866818703119e+00,3.730773437568420281e+00,3.068600626325637126e+00,3.042975368414559512e+00,3.072207083356825130e+00,2.422224000043248893e+00,2.072900478722713213e+00,2.628354958212896442e+00,2.539401643290111643e+00,3.360756410201399813e+00,3.157268486402089902e+00,2.646885816198023544e+00,1.212232030226790380e+00,7.692666864155456308e-01,8.321482415246466147e-01,1.532559978085937580e+00,1.170290969086546840e+00,1.340922312039448006e+00,1.530908687417448233e+00,1.372549543300317421e+00,3.539740702331708455e-01,7.488098575729498219e-01,1.276694834644418908e+00,1.494890053495657956e+00,1.318463788352183252e+00,1.081159851701986696e+00,1.177718325409311984e+00,2.061004174117763377e+00,2.895790906402674558e+00,3.040799934584311082e+00,2.834554295889257336e+00,3.568169894607368775e+00,3.026633570603806334e+00,2.794418390072807235e+00,2.339927491533710047e+00,2.477230044103145179e+00,3.329686912300778179e+00,3.519414913991469884e+00,3.167889708153746486e+00,2.891678598632940300e+00,3.518598751817459735e+00
8.939149723172932216e-01,9.061554530557887066e-01,1.012280418671326121e+00,1.415482960854557604e+00,6.073373455176406255e-02,1.043639929095414809e+00,3.386901823426042846e-01,-1.472996287789814840e+00,-2.191245743927312972e+00,-2.500566319991576858e+00,-1.496595844166475286e+00,-2.359054051118770534e+00,-4.223279482457890310e+00,-3.700496464827656151e+00,-3.746216855514640898e+00,-3.600557752600894723e+00,-5.119465924891306585e+00,-3.599759121251275840e+00,-2.762357558104401978e+00,-1.662760302140712465e+00,-9.573260725442533925e-01,6.569621248133916680e-01,6.148601776172322175e-01,1.646942812556514202e+00,2.489161140172267750e+00,3.551820468776005768e+00,3.205492338804217134e+00,2.921226825757753609e+00,1.394608135393829773e+00,2.300136765422533092e+00,2.431012269830412187e+00,2.698472512566243875e+00,1.921999096877825552e+00,2.203323734361088526e+00,2.872697004727370995e+00,2.565615942516575210e+00,1.742556304524674804e+00,4.003324189746670370e-01,9.254661598337690087e-01,6.218806432880372714e-01,8.901134074476650948e-01,1.260951317073454092e+00,1.060800810785008874e+00,7.538714158685144717e-01,6.362116214173061390e-01,4.209303319350412576e-01,1.292137872386449615e+00,4.327160384724786923e-01,-9.975076197522303456e-02,2.802055324491351529e-01,-3.849734167083571634e-01,1.354492476029019343e+00,2.298671312989518434e+00,1.695532514795006440e+00,1.897885108281445188e+00,1.833713343104280913e+00,2.564909408839378013e+00,3.159386603173733210e+00,2.621152805009021147e+00,2.662940782827962760e+00,2.534895728172009033e+00,3.239684872394474446e+00,3.108688130870027599e+00,3.423538875254300784e+00,3.805857495371044230e+00
4.856571655529883791e-01,1.737930680840573117e-01,1.191084882962478053e+00,1.592257556428592125e+00,5.235617109908000666e-01,-7.770916546028983074e-02,2.849380459609615057e-01,-3.553872680735290501e-01,-9.369706241936477387e-01,-1.393612754329818015e+00,-1.588855127948238577e+00,-1.866332918685400744e+00,-2.906841718463217816e+00,-4.051385515074186650e+00,-4.050883728034539999e+00,-2.973761969489167711e+00,-2.617262180515624426e+00,-2.809759502492097827e+00,-2.459332104222541560e+00,-1.665979753957469667e+00,-1.162402942531852501e+00,6.468869659469602684e-01,5.895612453831232669e-01,7.680404980820582095e-01,1.674486429716967262e+00,2.231568452266023517e+00,2.683578975503826847e+00,2.060012035439873213e+00,2.268255512737581192e+00,2.149845675306444992e+00,2.615758540843548641e+00,2.088300847404702232e+00,2.270371178188875572e+00,2.541059138512247184e+00,1.567747796986840525e+00,2.308206195955558204e+00,1.219791692980870756e+00,4.312062051755117809e-01,6.672416986385689697e-01,1.514820386431282584e+00,5.954292649985917230e-01,9.268372203048296232e-01,1.530788314013735940e+00,1.074381573752619001e+00,5.600708577185895543e-01,1.369320048562970293e-01,7.255370361715360872e-01,8.558506122122082616e-01,1.225806594731108312e+00,2.932889660720910865e-03,1.056022783850339986e+00,1.787595906216428387e+00,9.106934817494110046e-01,1.513283054013794704e+00,2.154678342921487744e+00,2.185491501865246988e+00,2.218835010583815937e+00,2.500591765243432185e+00,2.229256228240682258e+00,2.218021145581749121e+00,3.079125731451830106e+00,2.726155845225322505e+00,2.777752594826108368e+00,3.352686996470459313e+00,3.408325822039011577e+00
-7.143213130232897168e-01,-5.285123366828432118e-02,9.931530377608572824e-01,1.313103917518545272e+00,1.062531532759703579e+00,3.064751061088339945e-01,3.137733805072351334e-01,5.343819068774321446e-01,4.798022918691596250e-01,-1.088402803553649933e+00,-1.983882940829808872e+00,-2.294833814217823953e+00,-3.246740444149164961e+00,-3.184334926587990555e+00,-2.184327597082397432e+00,-2.464321519849021591e+00,-2.865222641937685832e+00,-2.812956900530905635e+00,-1.203054239418569704e+00,-9.191983246595668566e-01,-1.677554840908900502e+00,-2.633471350444526737e-01,-8.681667511335315890e-01,7.680690829507355044e-01,5.271806626924125938e-01,2.247100491300375591e+00,2.356672610064386220e+00,2.539678816988377719e+00,2.107666485116249433e+00,2.470918973697166621e+00,1.746348501459492830e+00,1.729852809882963305e+00,1.944346916112462242e+00,1.832975104097005481e+00,1.838867773329071253e+00,1.413435537598624503e+00,1.583476578108765631e+00,6.446343714235936995e-01,7.624864061123863834e-01,1.533433391434134041e+00,1.909624900638808631e+00,1.501327161961097723e+00,1.189987351855884778e+00,1.575856507735381218e+00,1.677018743957015001e+00,9.587865785173628197e-01,1.360475919891541485e+00,6.122867869730149737e-01,9.258066639644456641e-01,4.924449469421419145e-01,1.241695058406441898e+00,2.229558889025835988e+00,1.524838643009941652e+00,2.220311444133073131e+00,2.874144417037968857e+00,1.439398217414099346e+00,2.599087673809191479e+00,2.490179158884662680e+00,2.366644746457823967e+00,2.730166151983159040e+00,3.379159194489895324e+00,2.077408270517077771e+00,2.384258015330004810e+00,3.492514985495962065e+00,3.468894083376015569e+00
5.411509772647939975e-01,1.607194146411917490e+00,1.923044139523875984e+00,7.024967289175289009e-01,1.456032194085378206e+00,1.710536829189135188e+00,1.741136746756404508e+00,2.352078569969714428e-01,9.207783186386809815e-01,-1.315648621510311145e+00,-1.455488699295625299e+00,-2.315580076054378544e+00,-2.722887471872284415e+00,-3.041630342554924482e+00,-2.430446277935992327e+00,-1.891316554928234916e+00,-2.851749138246991500e+00,-1.815744466029519444e+00,-1.711140991343516937e+00,-4.040459551779057024e-01,2.256739435065475974e-01,-4.755189998622991188e-01,1.072201846697720118e-01,1.455365188426412937e+00,1.785840791754480961e+00,1.396594731117628552e+00,1.835862096080920436e+00,2.306120193417399378e+00,3.044507851597893389e+00,2.144339531441318503e+00,2.081018928805279611e+00,8.692295482398122441e-01,7.239320393292769662e-01,1.746483254849488853e+00,1.531567382252094323e+00,1.404944443259263709e+00,2.051016755685231452e+00,1.444308557965998219e+00,1.550682186225391890e+00,1.414674746635898872e+00,1.842914368118335311e+00,1.419748362003324882e+00,1.154145889810444192e+00,2.043346657883224449e+00,1.596423796902619152e+00,2.301337987835872401e+00,1.773796277960089318e+00,8.788942523181499933e-01,7.874603060190549231e-01,9.889506245059027645e-01,1.878900901247812616e+00,2.193170047987435201e+00,2.486850798647943339e+00,2.704680803964238045e+00,1.938150299788715891e+00,2.233345714588676145e+00,2.203148961555051244e+00,2.478501923820017883e+00,2.678085654373151492e+00,3.749765447670325713e+00,3.211351300070082626e+00,2.044932833805443106e+00,3.690776349977654025e+00,3.911734714214062159e+00,3.922797271035973310e+00
-3.875084808238683509e-01,8.332499928802874489e-01,1.545355093511305844e+00,1.993999662375695925e+00,2.253251085695472611e+00,2.473605046226275306e+00,2.694651665753848402e+00,1.412045878985475067e+00,1.013607585348907492e+00,-1.082697868723646040e-01,-1.782951919638393168e+00,-1.028983832864571291e+00,-3.193588241762554958e+00,-2.882047909268314001e+00,-1.765111782023922604e+00,-2.050441053694520566e+00,-2.818878367930108819e+00,-1.401021513565583243e+00,-2.685602653341678803e+00,-6.219242810844891611e-01,-6.658594084328940399e-01,-6.675175299263630402e-01,-1.363740174989392373e-01,1.072151627310829802e+00,1.878668178015476586e+00,2.269009971736645426e+00,1.721530429079975777e+00,2.760522656342664582e+00,3.418554034411110276e+00,2.194131206832668823e+00,1.356884023113996474e+00,1.653447160058662879e+00,1.168172226957841398e+00,1.126688895979309990e+00,1.386830232189338874e+00,8.876003005433779069e-01,3.676274328547649017e-01,7.862007219976370198e-01,1.670015333798734680e+00,2.126705203752024875e+00,1.981175036725915328e+00,1.291085149259116438e+00,1.238381222475836152e+00,2.205191253937241136e+00,3.082499020287698954e+00,1.854910548110287882e+00,2.110974167088333964e+00,1.455666097506674861e+00,5.021302634343084437e-01,1.523272263450999198e+00,7.669592701351988229e-01,2.182157945370958974e+00,1.676874130532261864e+00,2.382325975021167608e+00,2.637998213264222791e+00,1.698049601151330634e+00,2.207603679557202936e-01,2.787037819402911509e+00,3.740326321759678052e+00,2.380588962609901049e+00,2.971551571166548555e+00,2.975476075410716792e+00,3.113342467429152105e+00,4.257034014643117814e+00,5.049220297660882650e+00
9.946275179021769608e-01,5.480098603854818284e-01,1.088334768533478547e+00,2.468107974584055508e+00,2.428975529044865578e+00,2.217095068705404071e+00,2.557997517437233803e+00,1.953132391828819037e+00,3.767469032864664835e-01,4.829491487205276323e-01,-5.490057302916055981e-01,-1.107032581276564009e+00,-2.071265883764974003e+00,-1.943963569308010397e+00,-1.196346675944428783e+00,-2.946544157393567787e+00,-1.963342133164282854e+00,-9.732327709882304667e-01,-5.162206450841535510e-01,-6.506096706836761445e-01,-1.225925294146567035e+00,-4.278837924299088158e-01,-7.950145053979866538e-02,1.631658460511212549e+00,1.798312709754587679e+00,1.538793091771437194e+00,1.467497937821268472e+00,1.182997098442586825e+00,2.522367956495782160e+00,1.632970556658646544e+00,1.198302934293202116e+00,1.896268120198425944e+00,1.373698767561101874e+00,1.263978853562197857e+00,1.117242395165344071e+00,1.130425730802491868e+00,9.124954751100750050e-01,7.508492700880314841e-01,1.112850288195008197e+00,7.654507870887122811e-01,5.750512535583810481e-01,1.214419053543285054e+00,1.183101400840191442e+00,1.928885348147110435e+00,2.573134359459793075e+00,2.394529755650415925e+00,1.208917267740699408e+00,8.672616012057411394e-01,6.432040619506167456e-01,1.943070429537721910e+00,1.193962705047400874e+00,1.864115966821211501e+00,1.727117924780558589e+00,2.001702809477396983e+00,2.310599428330615712e+00,1.032795292724335123e+00,8.920214154251849825e-01,1.864900471146315519e+00,1.581166290996524948e+00,1.754955701847989324e+00,2.402945861681763162e+00,2.753844116032819311e+00,3.766297216300082518e+00,3.667368254481508938e+00,4.317520005562104579e+00
1.150056956826445598e+00,1.122164207912709433e+00,1.859792210138610180e+00,1.781502034822979308e+00,1.984577648230279934e+00,1.820050392024549879e+00,1.841519086804319416e+00,1.928758971485503348e+00,2.122543281051718633e+00,9.802493705757335807e-01,7.390567053276624332e-01,-3.166673045911655437e-01,-1.232797713069579304e+00,-5.499974357787582591e-01,-7.223535309566173623e-01,-1.693341955405048838e+00,-8.378068257147180953e-01,-9.607569392891652793e-01,-7.606791563039533299e-01,-1.142289984391367197e+00,-1.193580470666203874e+00,-6.718284406478464144e-01,4.557263512060036881e-01,3.898113293621970898e-01,9.497907591036025554e-02,1.169005394002368803e+00,7.720669512379529920e-01,1.383689791235001021e+00,9.012629349419332137e-01,1.546933814213650171e+00,8.356529660410045857e-01,1.207509069572108462e+00,1.275121774017927034e+00,8.670060897819327206e-01,1.763496016364410612e-01,1.888517768760790694e-01,5.873204609527692410e-01,6.667043693833754059e-01,6.422217921058257506e-01,8.669764062894341761e-01,1.022529544331119561e-01,2.572646369390919063e-01,2.216081522396609049e+00,1.750385191892378955e+00,2.139074967866959831e+00,1.659241537713842751e+00,1.503275929213446105e+00,1.559346167435107455e+00,1.138776189384312243e+00,6.414945254509786254e-01,3.124230823282742042e-01,1.351263535375557323e+00,2.199782788645221476e+00,1.145430670782433769e+00,1.089991308933574654e+00,3.516391196295144406e-01,1.155261574887397752e-01,2.337635000196060187e+00,2.275780756600913168e+00,1.576976649083101423e+00,2.205940761162747066e+00,2.495351284235475031e+00,2.631825110725174888e+00,2.149230053623540471e+00,3.521714698662126608e+00
1.472306696980014928e+00,9.331091372132250816e-01,1.794542406130502643e+00,2.745831529339579635e+00,2.941975661404309328e+00,1.609428237752556612e+00,2.100882845538873944e+00,2.802218844491767946e+00,2.188470188826717955e+00,1.437815358148933909e+00,2.961541402524566768e-01,-4.116502234413685901e-01,-1.014453313130695145e-01,-4.619054259589414624e-01,-4.123473092844843757e-01,-1.386890598818973253e+00,-6.348007525842764842e-01,-6.874465705524462900e-01,-1.401667100627654650e+00,-1.418532253766523699e+00,-7.198668116476087953e-01,-4.412054604051587892e-01,-1.028504723823517431e+00,-9.170641078796946122e-01,2.798882978504977932e-03,-3.684661634861688406e-01,-2.767738295449891917e-01,3.868917225451692365e-01,1.089694228149257427e+00,1.702718427997778949e+00,1.355850485817154283e+00,9.357766071129786090e-01,7.563295067679405292e-01,4.403198241309936312e-01,5.780298509779140392e-01,1.098824964123134851e-01,8.942124615586082292e-01,9.876064903428813935e-01,1.008753207804229834e+00,9.556244038046680656e-01,6.801281217723105232e-01,1.106237872252602727e+00,9.604883641994242938e-01,1.806158004703348752e+00,1.037232525267838268e+00,8.743376182216360260e-01,2.015885275911985630e+00,2.306766592635204116e+00,1.261980251899697425e+00,6.207371891980177914e-01,5.576155720873183785e-01,5.762145259451524337e-01,1.767242917205303909e+00,7.682000631204080054e-01,9.412390747924652690e-01,1.410610712894277086e+00,1.227229576853563264e+00,2.669612529910620147e+00,1.866856955967728160e+00,1.054164091270075154e+00,1.783858901638748939e+00,2.815299402659254380e+00,2.282842726279320722e+00,2.157810539329949151e+00,3.248444362822231035e+00
1.863858456142895470e+00,1.526663255164064426e+00,3.195139488754661805e+00,3.312984774458331838e+00,3.340165176861886298e+00,2.774802667266541789e+00,1.538246662680549992e+00,2.046372797644962382e+00,1.569204598494867708e+00,5.832349015307451978e-01,-3.578436846214174683e-01,-6.383165364352774152e-01,-1.325663549273440045e-01,-1.647439169550726223e-01,-2.415007758853229131e-02,-3.939490997853816734e-01,-1.264574226376537824e+00,-6.311918475769596748e-01,-1.183089423469513735e+00,-1.215465614323913535e+00,-5.393711408729086054e-01,-1.450896389415928578e+00,-2.079875261953637811e+00,-1.454499907033782069e+00,-2.196011818864062271e+00,-5.987261265570852364e-01,-4.835653073325258955e-01,7.356765470262410789e-01,1.103637075928556088e+00,1.535942417268048255e+00,1.326096362176730103e+00,6.548546790345908253e-01,4.232101620825184929e-01,-8.857309502553534220e-02,8.218345014028478612e-01,-4.604444916115550679e-02,1.336054829586103665e+00,3.187839045870744514e-01,1.608263465840274131e+00,8.841462842721388160e-01,4.873096513233856619e-01,8.082363576493052371e-01,1.235545382526799019e+00,1.459918871578420596e+00,2.762458528037313066e+00,2.124753334066325383e+00,2.215059829299552252e+00,2.546009491716533013e+00,1.037614820855481845e+00,6.990555791427850441e-01,6.217007396350563431e-01,9.056533374403901160e-01,1.266368431960569474e+00,1.210561662484236578e+00,1.863173790151365639e+00,1.741498805777673686e+00,1.522539887355991217e+00,1.819368166731154091e+00,6.487192309208543728e-01,1.138875014003260411e+00,1.766848471175434865e+00,2.149915871537277035e+00,1.938464644401575399e+00,1.773113405887603022e+00,1.410302080265347424e+00
2.260618148855703335e+00,2.478651494669259492e+00,3.166675744083915056e+00,3.432365510393123209e+00,3.402361826695847302e+00,3.244568203410815421e+00,2.369668507631383481e+00,2.378016725498278916e+00,1.939292607710187077e+00,1.432068404519619698e+00,3.136781172766973658e-01,9.952566376102921220e-02,3.066767327303810409e-01,5.822245407429442743e-01,5.333659752912673913e-01,3.942017480490084824e-01,-4.906152639652731073e-01,2.145577822944317800e-02,-8.206793947978823223e-01,-5.536005535336104844e-01,-8.574630909891809427e-01,-1.188472457692314688e+00,-4.344434537146500963e-01,-1.063094553777523599e+00,-1.029974379577134558e+00,-1.635011779492933304e+00,-7.382963871963323932e-01,5.565442492542228559e-01,6.735083932654055694e-01,3.626005099681444133e-01,1.596641163802584029e-01,1.019071936669577294e+00,7.041022141485048236e-01,1.798212944915769940e-01,8.048330021940082180e-01,6.153811806599784884e-01,-2.030632561599352015e-01,-7.519018650876209131e-01,1.103355021171346650e-01,2.172829124101286358e-03,8.737440271551623061e-01,7.838020544125373634e-01,1.352603130016647226e+00,2.921176112244509571e-01,1.848440984687020672e+00,2.191377199526472364e+00,2.257773686650948797e+00,1.790177278902920222e+00,1.482716220718335309e+00,-9.272960060052154452e-02,6.520911285730131013e-01,4.684468391805564069e-01,3.115594629903718493e-01,5.231867424435621139e-01,-2.805397968232176686e-01,1.139495173649704984e+00,1.893034684776528032e+00,1.512599740057029685e+00,1.556835879402493683e+00,5.982529971872251329e-01,1.580936050928590575e+00,1.041461314280769823e+00,1.922300136778208213e+00,1.384947254176170706e+00,1.245182987206481684e+00
3.344753215067267860e+00,2.696895231278349847e+00,3.814664054136249316e+00,3.869472261781728317e+00,3.565212064768229716e+00,2.624986305541385345e+00,3.304585671410985803e+00,2.624103988761950390e+00,1.925462779229589305e+00,1.307013780071231146e+00,8.796900030238259394e-01,-1.317693116802767794e-01,8.882171939002481142e-01,1.402383498254049066e+00,-3.754240577935352152e-01,1.877469102040347781e-01,1.010695643106419350e+00,-1.127475915880528090e-01,-1.019228815372553942e+00,-1.046051585177150578e+00,-8.902653620875260465e-01,-1.264574497668562225e+00,-9.892254343824955498e-01,-9.270497140386895207e-01,-1.860204996733098692e+00,-1.819043076339596832e+00,-2.082118515572281225e+00,-1.335548826313429416e+00,2.798762958803041045e-01,4.613271019195395173e-01,4.325850998791572755e-01,-1.529581988317170738e-01,5.907026313925669569e-01,2.824170678779963084e-01,1.045798656000729299e+00,1.041560341987499028e+00,9.100321833277548178e-01,-2.816364250591321672e-01,-8.830814601371511641e-01,5.338746961863318763e-01,-1.097319077867403847e-01,6.023251142743788478e-01,4.777260260863130936e-01,4.942934460601666746e-01,6.616067887904729661e-01,8.673433250470072853e-01,1.858667205346966611e+00,1.289547232510801944e+00,1.833144359134292856e+00,-1.395822699366095487e-01,-3.502341915497389491e-01,1.249281767662921150e-01,2.212280353627410490e-01,-3.537870781812399446e-01,-1.277982976320286346e+00,-1.425215500758641451e-01,2.458894484162435834e+00,1.523856068223456539e+00,2.710034856126151581e+00,1.458675541091774441e+00,6.074041617867944609e-01,1.246200885778026235e+00,1.670444805212923711e+00,1.853735403125639891e+00,1.995116536710812127e+00
2.611983505682526907e+00,2.497673622602037291e+00,3.628191200293777730e+00,4.630120825353372993e+00,2.993469845118172046e+00,3.054028416035663884e+00,3.420629559417114773e+00,3.722818387348249658e+00,2.678338392441832916e+00,2.207588867748059513e+00,1.803651550664259862e+00,-6.186038028994278459e-01,4.194037947705228087e-01,3.135639369392775322e-01,-5.830702287794470307e-01,6.117727919406591719e-02,-2.712328040243323080e-01,2.897495331495465454e-01,-6.269018402492286812e-01,-1.489767506237577921e+00,-2.171722053230960903e+00,-2.163445529769941089e+00,-2.147317799108819258e+00,-1.166317688733172098e+00,-4.174624306172142196e-01,-2.037269627248394332e+00,-2.329561060301925668e+00,-1.453622296635818989e+00,-1.337798630589532856e-01,-5.064427433627821662e-02,-4.717618505399415740e-01,-1.051331818483664415e+00,-1.783995412756611276e-01,-5.785619830214729087e-02,1.627312031744814202e-01,7.622295540969391547e-01,3.706493242612490246e-01,-7.115902802118683201e-01,1.669089610438904969e-01,-5.167864210565111804e-01,4.035975450433507139e-01,1.073815079422393737e+00,4.975022450990517764e-01,7.741511049550691137e-01,-4.514520704180491339e-01,-7.588799259333877112e-01,9.846185798324541549e-01,1.312717059320808732e-01,1.590719872713530214e-01,-2.531292373664615902e-01,-4.202655369979843569e-01,-4.841164505459049638e-01,-6.809513930993572606e-01,-1.607830762193894980e+00,-1.149783972175801416e+00,-1.095239314279868870e-01,1.493398718175664275e+00,1.879492402345746882e+00,1.760111458754554103e+00,7.341118798426480296e-01,7.698588786951565677e-01,9.473821971893464644e-01,1.440017370545705333e+00,2.105547508952747560e+00,1.882067886976243720e+00
3.001110143875294067e+00,3.021499090739525162e+00,3.533456856738325769e+00,2.855203811748860954e+00,3.366803452331166735e+00,3.355513959670390900e+00,4.178780769227364189e+00,4.174933985167993633e+00,2.947178111609214834e+00,2.674860573786479456e+00,1.602624972606044640e+00,1.151896997391723021e+00,3.018080018991256885e+00,1.028010044451112881e+00,2.354530997770599987e-01,-2.719206105527045003e-01,-3.605068583132204907e-01,-1.201761479719487102e+00,-8.897022756757775319e-01,-1.593370856506011179e+00,-2.865048386705437267e+00,-2.527294511915529007e+00,-1.645520443373844621e+00,-6.405972862458196859e-01,-8.847025630070026736e-01,-1.187336713007685507e+00,-2.537974927161199545e+00,-1.159521614833182834e+00,2.449711277801923659e-01,-5.977309662785895705e-01,-4.468633756289097647e-01,-5.869492519822712140e-01,-5.317093546863817244e-02,5.272705958497529537e-03,-7.801543963170789464e-01,4.169849654372981274e-01,1.136134670908717670e+00,8.660930738777297133e-01,9.586281535976792778e-01,2.104408742496662044e-01,-5.690229106758604161e-01,1.325877153158204202e-01,-5.152944145550152344e-01,-3.859314136654763416e-01,5.929159801380010641e-01,-1.258077672429692040e+00,-3.488248099732469409e-01,-5.338076614585445245e-01,2.341296094732248367e-01,-9.802895790229775308e-01,-9.616220256926916177e-01,-8.524396511190944770e-01,-6.276166351177181468e-01,-1.372695085716562069e+00,-1.220385890879892354e+00,-3.453113527630529700e-01,1.521437970487906632e+00,7.181175951179984418e-01,1.413370314868324373e-01,1.876489115994006696e-01,-7.405394234008114140e-02,7.473737712421258950e-01,1.551242026920379713e+00,1.725302132688687484e+00,2.061619417153097267e+00
2.900718313853960950e+00,2.733345741118988759e+00,3.274052956716937857e+00,2.692544936015834889e+00,2.718613918827852860e+00,3.600780566452348896e+00,3.754194716959486922e+00,3.731125377604407323e+00,2.910973848308039180e+00,3.134580693277328578e+00,1.159899665598066898e+00,9.744344795015348337e-01,1.218911446824412437e+00,7.129576269326526328e-01,5.338962774676587753e-01,1.524030926519810980e-01,7.510475487206756673e-02,-7.074459006957911633e-02,8.495620818222251458e-01,-7.286797871665545712e-01,-1.534252998915845989e+00,-2.164050369547101393e+00,-1.585598629376174351e+00,-1.325210545029857023e+00,-5.499483247947016817e-01,-1.282984045590588984e+00,-1.075489774513890273e+00,-1.931366558288355684e+00,-9.378058941715362584e-01,-1.331811747703512516e+00,-8.705122661640257720e-01,6.075702694256941427e-01,-2.005442216096630648e-01,-2.809307719152561722e-01,-3.424320957094376117e-01,8.981194899934705766e-01,7.963936255921086893e-01,2.170271415371223700e+00,1.208465536497104420e+00,7.728765438517576358e-01,-4.853712992566414780e-02,-3.485600487665982961e-01,-1.117913387934202252e+00,-1.154418765162315008e+00,-1.912453595351572277e-01,-6.894362126107633770e-01,-7.899658913972422702e-01,-1.621345806463847961e+00,-4.782822101609022214e-01,-2.903802563256311919e-01,-1.048187849603770871e+00,-1.499419960751069869e+00,-2.232473459930132798e+00,-2.434957051338379141e+00,-1.879081497531461586e+00,-1.496821456865743416e+00,-4.313740983484403158e-01,-3.422949007154702517e-01,8.460124504262060974e-01,-2.015384020704291679e-02,-1.968790134045039775e-01,4.988974174808791795e-01,7.541642753684784095e-01,1.896737306940854184e+00,2.704188907171987122e+00
4.477247764634508798e+00,3.625230839941320227e+00,4.356014425662539935e+00,3.008975105685157025e+00,2.122720303611744352e+00,2.550754366110715488e+00,2.774719641648459856e+00,2.139677487496459474e+00,1.757110928352667356e+00,2.374826566680845463e+00,1.376120501136436358e+00,8.407039282434511929e-01,2.875165485814410449e-01,7.395942229227142617e-01,1.123567268814137099e-01,3.235453556889478222e-01,1.698635864785653649e-01,2.382251943154222729e-01,-8.319018194616902839e-01,-6.513359642403362404e-01,-2.082667358070813268e+00,-2.240085882992343347e+00,-1.342098835945113144e+00,-1.595053336489704376e+00,-1.850064787636682473e+00,-1.043034781438708647e+00,-2.955093945480559814e+00,-1.619339103919879230e+00,-6.292702076643280629e-01,-1.210558405979618835e+00,-3.071459083228887318e-02,-5.313141935616284561e-01,6.669499132832245047e-01,5.357939964470697092e-01,-3.880760199319642501e-02,9.341040865530637616e-01,1.738150609675674696e+00,1.932970500060741337e+00,1.252948907308041981e+00,-2.054737617930613713e-01,-6.254071350498733306e-01,-1.209069121769596133e+00,-9.266290614646941481e-01,-1.122734771244716656e+00,-5.736749601040432855e-01,-2.564756916138047349e-01,2.367282150668532092e-01,-1.198202579370138077e+00,-1.211367350481264094e+00,-1.608201975516029281e+00,-1.927002083575398705e+00,-2.395990191628649235e+00,-2.751603929222865563e+00,-3.117590032763906560e+00,-2.854918880147228055e+00,-1.925766589700401488e+00,-4.871418192371063660e-01,-9.525203422581228485e-02,-1.312353433584278473e-01,-5.938394088646883340e-01,2.370450763560815188e-01,7.954737962192554024e-02,4.864328569901531507e-01,9.677916816425000679e-01,1.946237514191968776e+00
2.597026567589945323e+00,2.576958775826826198e+00,3.345680749599232229e+00,3.270890046709814314e+00,2.352938669811507566e+00,1.991736865732438577e+00,1.749516918318755332e+00,1.541665928769770044e+00,1.014838895451777301e+00,1.727533099877418099e+00,7.407662830214312155e-01,7.818645676386462018e-01,6.432399389870617767e-01,-5.658639326199467190e-01,5.185069582510518638e-01,1.393740520062639376e+00,1.443260836088293697e+00,8.754006663288225187e-01,7.933579313938576849e-01,5.142294514851351028e-01,-1.524797320340174567e+00,-1.447248095180324379e+00,-7.178603920835993080e-01,-1.016810956880683348e+00,9.678064449653441328e-03,-7.662430315447252838e-01,-6.644407364617997969e-01,-8.628973229137876233e-01,-3.798003428095391709e-01,-2.239166517005027890e-01,9.954390268126955821e-02,1.682155271378018846e-01,2.975817727335185459e-01,6.214117730716005594e-01,7.228148675731225214e-01,6.465438129257892186e-01,1.504478632833869733e+00,1.687263243980975380e+00,4.922913605963496475e-01,3.939146724861192217e-01,7.725839521435579060e-01,-1.133187653415494767e+00,-1.004208707485962249e+00,-1.188188193260205860e+00,-7.289552891085455677e-01,-3.178598935764817002e-01,1.679972877749993654e-01,-1.027603281290324633e+00,-6.288971851699054483e-01,-1.690509403460731530e+00,-1.818690876328891814e+00,-6.131912373410581818e-01,-2.404520531625025992e+00,-2.676722486126999367e+00,-2.321469078284722265e+00,-2.901193625187303393e+00,-1.581487130980546496e+00,-1.411522575098762111e+00,-1.179276539048443873e+00,-8.656054460390673055e-01,-3.989810918805081208e-01,-6.574256279146826198e-01,-5.123423377058040629e-01,4.444120533047749011e-01,9.089023304969156003e-01
2.027664905745723445e+00,2.489912619665116900e+00,3.167434186372867888e+00,3.082123497838595849e+00,2.307002290532000011e+00,1.822945649199157137e+00,1.757396953429003705e+00,3.457105643444822185e-01,1.211494691871072005e-01,1.229697794088318252e+00,2.201946275766658301e-01,3.803015235081591561e-01,1.511931201516711454e+00,-3.809038795119362164e-01,-8.358384990608607179e-01,7.462180759115988327e-01,2.108054681841191158e+00,1.199559166207004868e+00,1.316754764801310706e+00,6.341037176901673789e-01,-2.581845303702243622e-03,6.384952032297139257e-02,5.245857557583591957e-01,-2.907325131234942406e-01,2.220574435925632084e+00,-5.814427539894552466e-02,-8.218472239830938719e-02,-4.474236437054173177e-01,-5.853907876943393873e-01,-2.496692909111862257e-01,6.368087798474640904e-01,8.422517163180474054e-01,1.719352418731121768e+00,1.605743338933580677e+00,7.799458766090888728e-01,8.206203305340432630e-01,1.819983054287962254e+00,1.812203060794501219e+00,1.277525685871673256e-01,5.895611158353617487e-01,1.238597387113654857e+00,-1.306078176877446262e-01,-1.979581802377107236e+00,-4.362751356257380531e-01,-5.080540129725410470e-01,-9.785841472419416487e-01,-1.599147036487374995e+00,-1.234479854254108222e+00,-4.941128399785303937e-01,-1.923230043279305024e+00,-2.364813914474324541e+00,-2.745236549503948353e+00,-2.153674491931358403e+00,-2.984723853397435178e+00,-2.460595371962957856e+00,-2.350680335883298611e+00,-3.023124844491620777e+00,-1.869383105049708060e+00,-1.493192497443362132e+00,-1.535918501514705881e+00,-5.903456193728352508e-01,-9.284993612840715116e-01,-6.722565027856709508e-01,5.832714975344592823e-01,1.474723066252611181e+00
1.483752964920908468e+00,2.147614770824415764e+00,1.949828268713298396e+00,2.283599195083248379e+00,2.081085143169237206e+00,1.905997048643762071e+00,4.436643689896456744e-01,5.386056239372515320e-01,1.731461546854500683e-02,6.759617337952089633e-01,-6.053030256044197172e-02,-3.900126348055413805e-01,-3.734336858304292406e-01,-1.089738875170317201e+00,-1.355150507137589111e-01,1.036026335265242571e+00,5.666536552241214775e-01,5.025818428530965942e-01,8.793346143602516207e-01,1.873142899307353115e+00,-1.695390627042575316e-01,-3.881894254383335685e-01,3.753800002048360840e-01,-6.951923838835504244e-01,6.139569262050867948e-01,1.544127759776716714e-02,-7.100633796490208871e-01,-3.662170366082859729e-01,-1.494742265982881846e-01,9.529605073928976156e-02,4.980417283470000567e-01,3.389939435903981391e-01,6.297775073926937806e-01,5.612894869811392295e-01,2.209257961602683895e-01,6.300910617003986358e-01,1.655891493772378098e+00,1.378255187070187571e+00,5.510505477672367203e-01,9.998931282596681402e-01,7.449468159178519455e-01,-1.286388974617901637e-01,-1.320211852257768548e-01,1.308832831111450268e-01,-3.570373695851910417e-02,-4.682664729254168434e-01,-7.071350394142359441e-01,-1.306902251019281369e+00,-1.588876428134320173e+00,-2.175581178130995497e+00,-3.105390321189362535e+00,-3.301772087108095555e+00,-2.786192212121125333e+00,-3.033305623669945383e+00,-2.880575053669471419e+00,-2.854212637035689504e+00,-2.525539485413393237e+00,-2.550722806129052778e+00,-2.044324223592534739e+00,-1.960007722665372487e+00,-1.190133062680220455e+00,-2.121191580220600947e+00,-1.359294735997281567e+00,-2.547323095953761829e-01,-3.613612808983704405e-01
1.381080025875461859e+00,1.360106325343448219e+00,5.756513530309240734e-01,9.101604782535844818e-01,1.000258759668721575e+00,9.082517394333932126e-01,-1.204288569664676983e-01,5.898479811144483609e-01,-1.546881191861665221e-02,-4.149742413576106848e-01,-3.475711984906803935e-03,7.916831046953169693e-03,-7.939869229609559653e-01,-2.521035249545037771e-01,-5.621432601653280070e-01,4.730084385825843452e-01,2.161705712513549704e-01,1.052303390195634236e+00,1.910133564835468700e+00,3.819832857340539345e-01,-6.721390790916597080e-01,3.235563446668702353e-02,-6.157240191029740295e-01,-3.859015487962597635e-01,4.737083351205277973e-03,3.725794472516202188e-02,-1.386772553460305257e+00,-5.216599465628978249e-01,3.468467745276673959e-03,5.208817909843868055e-01,-1.416964029435194838e-01,5.357495117458652700e-01,5.327874928332572146e-01,-2.616497407032879474e-01,1.986647661604324100e-01,6.055652721549161788e-01,8.995966754681830047e-01,5.427082475226781000e-01,1.833237304003477730e-01,7.498133501390064071e-01,5.946318154864372874e-01,4.009147787935865015e-01,-2.947006396925423988e-01,5.163263842997450892e-01,1.467514922037284730e+00,-2.684035616218492515e-01,-2.473133018108023773e+00,-1.099833067940507281e+00,-2.063637827773985745e+00,-2.942616340799761421e+00,-3.070533695751096914e+00,-2.923504650333555333e+00,-2.186836447820514451e+00,-3.042811222482464828e+00,-2.627068667363885890e+00,-2.883340599909825386e+00,-2.799860638730682805e+00,-2.406616753351127347e+00,-3.426424416767486214e+00,-2.222893597372662455e+00,-1.073124066519674846e+00,-1.728446020975682673e+00,-6.098169074146200241e-01,-1.697344067769190668e+00,-1.663930515595285708e+00
4.235374492606941987e-01,7.505480772274890633e-01,3.853386961282445622e-01,4.284422934324738086e-01,3.282572844039943205e-01,9.935540090708505634e-01,-7.579593556322570397e-04,6.512492748917286800e-01,1.010856376959258646e-01,5.971014528541824379e-02,8.111245545496834075e-02,-1.903861946697485152e-01,-2.027444384400763078e-01,-3.397262237845466992e-01,-5.315797715102777987e-01,-4.749138291977723220e-02,6.672955463145182620e-01,1.314459787941264945e+00,5.451946365293222629e-02,6.043920086256557300e-02,3.722049485325770735e-01,4.770463985770010407e-01,-1.470994787773794721e-01,2.673760795438610560e-01,-9.048191080273103593e-01,-7.871933917822180327e-01,-1.110046719865184439e+00,2.710838538948400211e-01,2.515602602235011420e-01,1.148243615798810513e+00,9.277035604293369930e-01,6.238689843193278017e-01,1.039150798459343772e+00,8.301967747127120267e-01,-1.144237418816431984e-01,-4.769569068606641649e-01,7.713778465765095405e-01,2.346748893609217346e-01,5.371851254157171685e-01,1.632985637915432608e+00,1.352371318530744659e+00,2.850229594674018596e-01,-3.059734617959973535e-02,1.313831730438454581e+00,1.160139148137173004e+00,-6.448346559200459141e-03,-1.888812094098749617e+00,-1.960295005679066671e+00,-2.402261649949383404e+00,-3.327167007463653903e+00,-2.717961471038909949e+00,-2.532660726117510031e+00,-2.532559165409153934e+00,-3.267351313855056283e+00,-2.567011732952463099e+00,-3.888956844004962665e+00,-3.088778124329505825e+00,-2.753211350516747036e+00,-2.906370778752449091e+00,-2.513070202669711151e+00,-9.710101464865084075e-01,-7.953917898091588112e-01,-1.565465325948950603e+00,-2.157528655616082869e+00,-2.205197460259201936e+00
-1.141740246376498291e+00,-7.954041106926773574e-02,-4.414146190575867768e-01,-1.132005949864396677e-01,1.460950859695974824e+00,1.530733978676105611e+00,7.709761218457471532e-01,7.358995868116836592e-01,5.420379055763334675e-01,9.146767018588189413e-02,3.176830897877199744e-01,3.358356021005527020e-02,3.289529589958439804e-01,-6.198962402023580794e-03,5.166533018461304527e-01,2.799362974477695998e-01,4.497223779596158932e-01,3.696224409550697421e-01,-1.131847735663772614e+00,1.861017059145089192e-01,1.263705468846840763e+00,4.091393089800015592e-01,1.819603491521748773e-01,-1.409888665594546397e+00,-2.529049145051697867e+00,-9.812303203397655382e-01,-4.568359253654349361e-01,-2.282193393854985985e-01,1.044929996011973117e+00,1.567698313864706927e+00,-2.908076020647230586e-01,6.539549374723345743e-01,8.897867612378247415e-01,6.425618669328889143e-02,4.339151339237914962e-01,-1.106841355773859892e-01,3.384841769663768374e-01,2.480256448355019905e-01,7.889008643654427111e-01,1.546981111871264414e+00,1.202116631699823524e+00,6.883332315818684322e-01,4.525300832509232540e-01,1.153921469226556029e+00,1.776371708973826014e+00,-5.430379160748800560e-01,-2.541922994579689288e+00,-2.687793815534099018e+00,-4.244577012363025759e+00,-3.628982647022806596e+00,-2.501405967110402084e+00,-2.757285907693329818e+00,-2.966667293724873034e+00,-3.054030336740980900e+00,-3.043260713374635440e+00,-2.945428353746181394e+00,-2.894325493618390865e+00,-2.721182767519771950e+00,-3.034633395503369968e+00,-1.875614443557396038e+00,-1.802344101623967632e+00,-1.203222183901377251e+00,-1.151502525382714026e+00,-1.993610929040583013e+00,-3.938445263325266232e+00
-1.541922125750498813e-02,-5.931071139017183302e-01,-2.557022057146972616e-01,-9.882078475821605423e-02,-4.876400911667516658e-01,1.140427878619142132e-01,-2.519759447386011875e-01,-2.581144038682458564e-01,5.579223574288401377e-02,5.952441252503066771e-01,1.285680725909851274e-01,-7.431374535112458268e-01,-8.370617463937464198e-01,1.099271562629088983e+00,1.499189816792904084e-01,7.663349613029278584e-02,3.181465326321231135e-02,-6.751292318888179045e-01,-1.257612838611406048e-01,9.804125035922444109e-01,1.718210815137408476e+00,8.683416814738269540e-01,7.016372214068518076e-01,-7.107494110565768519e-01,-5.021874535012363916e-01,-2.313122355213017012e-01,-9.941017851691171803e-01,-8.580492983037322219e-01,3.663868572242662269e-01,-2.696678763439284143e-01,3.280335910768056307e-01,9.859287073791569433e-01,-1.750569777590076925e-01,-1.191209779108221678e+00,4.565387840704576011e-02,7.193456188349272029e-01,7.196544278484666712e-01,5.528894868715238387e-01,-1.428959474653343775e-01,6.926233458039525726e-01,2.701646368717064428e-01,1.748840315335489781e-01,-7.187793904808515988e-01,2.797679365424810549e-01,-2.839970150052681941e-01,-1.830957050185681112e+00,-2.071469031627487745e+00,-3.414928025258446187e+00,-3.697549982081708819e+00,-3.679355048056262678e+00,-3.334679192487690180e+00,-3.822971481753446810e+00,-3.983816645292577174e+00,-3.923815020302827694e+00,-3.175776444752422378e+00,-3.657553618031690323e+00,-3.124673402513625131e+00,-2.972099431414518378e+00,-2.608130128182088558e+00,-2.160403277470513750e+00,-2.429879911825007621e+00,-2.073025990751752090e+00,-1.873015197177577917e+00,-1.009538156607497905e+00,-2.671030272650451565e+00
-1.631093514078976625e+00,-1.423918752569201862e+00,-1.966467268730336171e+00,-8.260164440235120420e-01,-2.104839051040367781e-01,-8.442499097199961389e-01,-8.543073592488619195e-01,-1.246279820860970888e+00,3.174182541883170394e-01,5.559936916882777247e-01,-3.089594652458952928e-01,-1.060928607478453856e+00,-1.245132030562508207e+00,-7.047124548673609767e-02,-3.444044622733020977e-02,-1.795078623934538709e-01,4.994492766131178318e-01,-1.157697805769837898e-02,7.583611363967770469e-01,1.154606632579108449e+00,1.360257063524653365e+00,1.327208532881516634e+00,1.812187556165497648e+00,2.050159173104799948e-01,-6.623746108836637836e-01,-6.186191194584375053e-01,-1.989096526037558155e+00,-7.903958950135883121e-01,6.998509711282218104e-01,4.736137296936858421e-02,-2.053908822120615631e-03,6.184041085020486328e-01,-1.003576144576209916e+00,-9.280943715022510476e-02,-4.599090010907675996e-01,3.472906464041897179e-02,6.717531398839960977e-01,2.538265720342193221e-01,-5.761153768320608215e-01,-7.979368730195017523e-02,7.898681311893591683e-01,1.358173538287228421e-01,-3.948001036945372189e-01,-1.846839227632825819e+00,-1.964842646978493423e+00,-2.387598665458410707e+00,-2.176454951154378037e+00,-4.049789096311917191e+00,-4.744053775653767069e+00,-3.636702149015905938e+00,-4.321125681432475218e+00,-4.876318743607998663e+00,-4.282160303346140395e+00,-3.825065288923354956e+00,-4.831821336015217128e+00,-3.900825668106675526e+00,-3.472733624375740291e+00,-2.840584297813608661e+00,-1.767406652985074267e+00,-2.611380301989201236e+00,-2.154822332536923568e+00,-8.562658339772903915e-01,-4.680202035322580389e-01,-1.407040049480159594e+00,-2.581975760958091115e+00
-8.178211837726208078e-01,-1.200434653485839886e+00,-1.250286734627129803e+00,-9.395573514786932368e-01,-1.342421002381975148e+00,-1.077768100417693997e+00,-7.853976679678658090e-01,-8.092546730150915191e-02,3.929409574650937764e-01,-1.922103751624119949e+00,-7.731187843210024502e-01,-1.193330786391139542e+00,2.949724786569907220e-02,5.258671110677103355e-01,3.024926930937403280e-01,-5.035759036952167644e-01,5.330842582464427881e-01,1.560542729495559555e-01,-1.789647270007177216e-01,-4.471602167342717538e-01,-8.994421775477814962e-02,3.392277046955211595e-01,5.883464102178505017e-01,1.068988181884653388e+00,1.553573880316603262e-01,5.420691072866661298e-01,1.557029939524489648e-01,-5.488598711221158444e-02,5.486945509003968713e-01,6.281790190156224529e-01,3.594955953083686095e-01,1.818947451401828619e-01,-9.204330036642962565e-01,1.285929312960516935e+00,-2.521144383772990771e-01,2.885099128142296632e-01,-1.664734613710505406e-01,2.381267867252664927e-01,-3.300230526234315120e-01,-9.307056700562544860e-01,-1.137623915970461086e+00,-8.489420529325679698e-01,-1.773201459701647442e+00,-2.977909440659592288e+00,-2.525352493469904758e+00,-2.426378179600910734e+00,-2.684356786293668584e+00,-3.348544285115977903e+00,-4.216598716810797676e+00,-3.918249799291140700e+00,-4.731398794066144831e+00,-5.336576657483559138e+00,-4.285915599528316022e+00,-3.998107789053472416e+00,-3.743450340711269142e+00,-3.188146788697336920e+00,-3.717016557771373186e+00,-2.890506900281413660e+00,-2.503329673608443162e+00,-1.847730953729093129e+00,-1.809975153188349672e+00,-1.211916905780790366e+00,-2.883791541255034119e-01,-6.726599966270736530e-01,-1.421248476995207177e+00
-1.990625548361241171e-01,-6.046768513666340994e-02,-3.365868176246455401e-01,-6.087522463254018135e-01,-1.251845766588290942e+00,-1.583695856724810280e+00,-1.933144902980761470e+00,-6.126226098343967585e-01,-6.477702820071233880e-01,-1.604341231269027224e-01,-9.918751986519747099e-01,-8.088806196942448512e-01,1.989186643012109124e-01,2.669476052011603845e-03,1.042137709012175978e-02,-1.381400859912339296e+00,-6.401366731685986800e-01,-8.984323947515020503e-01,-1.075154960073256394e+00,-1.660894157311645358e+00,-2.348245033273869353e+00,-8.744164449491786950e-01,-9.904243415630685776e-01,9.507201655273556096e-01,8.914235523498041935e-01,1.068072845971991702e+00,1.213922801892310721e+00,1.321149981686993158e+00,5.341652773205350924e-01,1.993531639422265189e-01,1.426234125595561508e+00,6.601878218725870662e-01,-1.269335302734736493e+00,8.022416492388393383e-01,-2.787493713136161844e-02,3.561651466028131763e-01,-3.430173609261324974e-02,-7.602563347263803228e-01,-1.061527121898308224e+00,-1.158179096002090125e+00,-7.741475858731579063e-01,-1.588659343996438933e+00,-2.529340108910231866e+00,-1.723122165077828338e+00,-1.525062583446253672e+00,-2.611493468020022579e+00,-3.153863636274086168e+00,-3.281444922545351695e+00,-2.606952590842336992e+00,-3.684996587116110334e+00,-4.050194034593769921e+00,-4.480898556842712210e+00,-3.419962958410820431e+00,-3.980866297172529489e+00,-3.921813499177333906e+00,-3.655122469746070468e+00,-2.973487636408373991e+00,-2.729443627372471148e+00,-2.972930677145376066e+00,-2.513706516242342648e+00,-1.666505494612462668e+00,-1.093714868319757727e+00,-1.387526282652706389e+00,-5.827469522903379051e-01,-3.289573021147435550e-01
-1.297857976565263138e-01,1.376325814570650563e-01,-5.887181112683027573e-01,-1.250514781397531028e+00,-1.206853516266041426e+00,-1.420140089041072695e+00,-7.413080461892412876e-01,1.045270152940031699e-01,-2.497005863670278547e-01,-1.030121598081136902e+00,-6.679535408199931412e-01,-2.271832448060221443e-01,-8.202851533219732705e-01,-2.082618391914375255e+00,-3.492643436005800073e-01,-1.561037695484740251e+00,-1.359951029105623377e+00,-1.115433446845966792e+00,-1.556740623377207422e+00,-2.753071290244369251e+00,-2.156762627594974724e+00,-1.432551478719050309e+00,-2.994191912976963410e-01,9.322755704171675761e-01,1.240079005772634746e+00,1.265863484020457896e+00,1.740790775142273317e+00,9.366677105951615179e-01,8.789371189168104781e-01,4.550700692064137964e-01,1.158093644022546886e+00,6.009791311067516073e-01,-7.043227651771367670e-01,-6.134274697314376912e-01,5.225524685845315265e-01,3.674405315054345422e-01,6.846778166892419915e-01,1.420914689797226349e-01,-1.169633023253934034e+00,-1.445817822957445653e+00,-1.342088091506635772e+00,-8.347018044972155382e-01,-2.345337026605735620e+00,-1.306393911481727788e+00,-2.363315937503196906e+00,-2.278423525106389125e+00,-2.521704445249950410e+00,-3.218826191611535048e+00,-2.185392124463447772e+00,-2.214231422816286710e+00,-2.921621424359202468e+00,-3.517095924159195253e+00,-3.566366669784801768e+00,-2.920364065768645379e+00,-3.383503818007591146e+00,-3.056408239823435125e+00,-2.278107556713309556e+00,-2.633407688729236806e+00,-2.210240820294925079e+00,-2.482399087482455968e+00,-2.026938947063848140e+00,-7.833218724983436188e-01,-6.910528683252210591e-01,-9.615574764976657640e-01,7.610416265866369878e-01
8.082757823637816141e-01,-3.116758223842140962e-01,-1.690921764845509045e+00,-8.138547023137103764e-01,-1.557460992050156756e+00,-9.988012715948584308e-01,-2.051778202679825469e+00,-8.121703701666911357e-01,-1.204524279127598074e+00,-1.065002722319254413e+00,-6.398526025461803712e-01,-9.588944090202358161e-01,-6.292381785624618917e-01,-6.149696476979237270e-01,-5.564114682206959817e-01,-8.913790449962080142e-01,-1.347356418384820120e+00,-1.357857668170583842e+00,-1.166311474384445157e+00,-6.647457025846713607e-01,-6.519679559123905399e-01,-6.937747186938583166e-01,1.085575429515755808e+00,4.895038813547697432e-01,2.183397979975731040e+00,1.727597574785234347e+00,2.487714621209157428e+00,1.504632294360803924e+00,1.239821882974452727e+00,1.239017863239293415e+00,1.410031520678957984e+00,-3.155753812090979910e-02,-6.000752246144676061e-01,-6.889618993178274753e-01,-4.719317548364072579e-01,4.018261714251861183e-02,7.909224502513713118e-01,-3.079576915639148371e-01,-6.727180873777849346e-01,-1.505068808333862584e+00,-1.218297920189154615e+00,-1.260726872205323312e+00,-2.233288092068923092e+00,-2.255382241377413610e+00,-1.639706838028359703e+00,-1.968798656380122969e+00,-1.821094251438970746e+00,-2.395152742678359647e+00,-3.248131955541182059e+00,-3.193606822738667805e+00,-2.417174457597536907e+00,-3.044416406725471980e+00,-3.314510405539244253e+00,-3.001069693379851966e+00,-3.950873493609987630e+00,-2.525941598426999946e+00,-2.724780438047252673e+00,-1.886996330246281106e+00,-2.028854658943065381e+00,-1.432892713783377570e+00,-6.883595765680758927e-01,-5.320279643987151363e-01,2.335616121746276752e-01,2.053520146959600112e-01,2.166198227002187615e-01
3.187197242579872802e-01,2.839812445034146093e-01,-4.400011600538538681e-01,-9.996423885896779105e-01,-1.663897900692819842e+00,-6.939842869087892163e-01,-9.569185303082798910e-01,-1.184883896883844434e+00,-1.207757391009233405e+00,-5.599602413831059611e-01,-1.300337061802213867e+00,-1.699519433027293580e+00,3.483309183008954646e-01,-1.322350761121360074e+00,-1.346743915850098894e+00,-1.283542006235698141e+00,-2.137992570838148865e+00,-2.384450011200978548e+00,-9.992907226029551504e-01,-1.621267089970344966e+00,-2.778981522954137029e-01,-1.689215027094581323e-01,3.558378687453245259e-02,1.196150061470769854e+00,1.523296024616398903e+00,8.920406947548021881e-01,1.606841757330203846e+00,1.093972413714802805e+00,1.442329302798091906e+00,5.319200713368912314e-01,-8.656499891318046591e-02,-3.281133233951843420e-01,-8.338404159385069958e-01,-7.796366565942158822e-01,-8.247471239099519735e-01,-7.327615721237773494e-01,-2.951912170336463692e-01,-4.347451636074648462e-01,-2.428542703587441565e-01,-5.978543385412677935e-01,-1.521734703795200705e+00,-1.867431602098120536e+00,-2.519252330580197263e+00,-3.317888270104371706e+00,-2.596500604883908991e+00,-2.696100516048755225e+00,-2.102617611477630710e+00,-1.706137546951327577e+00,-2.795965577723880546e+00,-2.908889195166113772e+00,-3.197134461978533793e+00,-2.894580546809262245e+00,-2.905392376466988225e+00,-2.310711760072344134e+00,-2.397768430821827224e+00,-2.847856135703751956e+00,-2.419317342930899173e+00,-1.442936794303897319e+00,-1.358493301577773593e+00,-5.428093233658342065e-01,-7.391255360234063598e-01,-3.378956295852338920e-01,-1.168081497470879970e+00,-4.866437197574181167e-02,2.301364353853694866e-01
-1.507887344449964362e-01,-2.877951850966505298e-01,-1.822746430205780532e+00,-1.142281167015765764e+00,-7.859209716897506137e-01,-1.321137240108505750e+00,-9.065687207658089664e-01,-1.261493256570035415e+00,-2.437088411319131787e+00,-1.773665123423994183e+00,-1.921811838038066655e+00,-1.590731826911760294e+00,2.307907221304699719e-01,-1.281615091475731383e+00,-1.564261030345756032e+00,-1.716356639313721288e+00,-2.300626089058872115e+00,-1.356962539740802054e+00,-2.056660777136759322e+00,-1.232819806003648155e+00,-9.700228327791571292e-01,-3.668226596030128572e-01,1.627355958062353336e+00,1.094556913972630330e+00,1.066119631206411178e+00,4.056086903670983457e-01,-5.755416154224201053e-01,9.823538493038315167e-01,1.112253019042567903e+00,1.053548649425603667e+00,-3.262505459657208950e-01,-2.577967181871245600e-02,-1.284647021364369257e+00,-9.963521377267070545e-01,-8.663042072504339997e-01,-7.397647664624246167e-01,-3.535530731358335621e-01,-9.762934259525903880e-01,-7.646423297418970810e-02,-8.380751148725501531e-01,-9.777826274582112065e-01,-2.068738231588257648e+00,-2.816221951692971626e+00,-2.306687980290372586e+00,-1.879403687242239274e+00,-2.000229666649433025e+00,-1.161608926202274183e+00,-1.640055953868549743e+00,-2.355153365193020765e+00,-2.370981692159633170e+00,-2.910456841816015938e+00,-2.520805969841482863e+00,-2.493806439321002877e+00,-2.443411570246713627e+00,-3.464018116410622738e+00,-3.098310588147634270e+00,-2.422125826859549136e+00,-1.687212392343074630e+00,-1.848358257325523724e+00,-9.034903396510911566e-01,-7.741769925291409615e-01,-9.371044914838937423e-01,-1.499524148781712585e+00,-1.426005093963755854e+00,-1.265618845205639387e+00
3.252629064409134907e-01,-3.643050233220110901e-01,-1.024495012729227605e+00,-2.699973615707527697e-01,-1.223117784616598591e+00,-1.723167609945821743e+00,-1.606452099029626046e+00,-1.526399423912303099e+00,-1.815877736342500270e+00,-1.868309466457293011e+00,-2.961188271606384426e+00,-2.313899989852014727e+00,-1.753506456906016808e+00,-1.555986227545707923e+00,-1.221388841965516558e+00,-1.112023758420098485e+00,-1.208670146629527098e+00,-1.336746024891009466e+00,-6.299532449835687498e-01,-8.158445631106330254e-01,-9.216649219149491978e-01,-1.465099597467819592e+00,-6.607193343678775532e-01,1.971210210184337897e-01,6.957840770585670409e-01,3.581538112183857980e-01,1.263397580291040878e+00,1.315645315206825927e+00,8.550318365802815901e-01,4.181907053554052012e-01,7.387833468761789701e-01,1.396674036003120900e+00,-6.906694693431612853e-02,-6.610169962544401034e-01,-1.180986715299119805e+00,-1.128380415539428139e+00,-1.641678231565294604e-02,-8.530902680874883348e-01,-4.065498113307659533e-01,-2.257147450897065699e+00,-1.725620788149564655e+00,-1.692283758062863575e+00,-2.113203832989427156e+00,-1.946760402922315780e+00,-2.304930130818240830e+00,-1.116819347499388826e+00,-5.857473214206736500e-01,-7.888555375785853974e-01,-1.509619174656545937e+00,-1.548803676141859764e+00,-1.715652222149602224e+00,-2.405322558586778126e+00,-1.273337839897315416e+00,-2.480002360291995167e+00,-3.224743817751207775e+00,-3.305673503974184690e+00,-2.625294118762587114e+00,-1.485078972718855361e+00,-1.263958553285189357e+00,-8.951332209805411555e-01,-1.361480579016354442e+00,-6.869679660058589654e-01,-1.428325014930572845e+00,7.119961264594626416e-02,-6.958104327724379257e-02
-5.202870790750706576e-01,-1.354784474554667550e+00,-1.063450248965777778e+00,-1.342718353397649222e+00,-2.054012376789199124e+00,-5.591378423277257870e-01,-4.604755308711058204e-01,-9.037828760892148150e-01,-1.592412319664499032e+00,-1.686740585945737392e+00,-3.823978114122913219e+00,-2.659147494112743981e+00,-2.354826769315810697e+00,-1.961071044397380891e+00,-1.604878899089083655e+00,-2.036920000459793823e+00,-1.957364630199173172e+00,-1.163090667726954353e+00,-5.360438931038096211e-01,-7.678963066222156408e-01,-1.144416002520284970e+00,-7.359909428025088740e-01,-1.327441071851858334e+00,-1.554778240719264237e-01,-3.746534078288629721e-01,9.377576742286192202e-01,3.847521971819686804e-01,1.262976107138550352e+00,-2.469593406881934183e-01,4.529821184722822025e-01,7.482390523626707424e-01,8.220887557875964369e-01,2.192410362395794399e-01,-9.928847823523255789e-01,-1.114135310668016965e+00,-9.975638987589037221e-01,-2.345458651241508763e-01,-1.031990118296414849e+00,-1.953395739179683566e-02,-1.664200876265388152e+00,-2.624483079065021318e+00,-2.869282216661141582e+00,-3.661880052913611294e+00,-2.643560900105474509e+00,-2.685514571030369169e+00,-1.112752381873874041e+00,-1.571368531511542876e+00,-1.502558493174277032e+00,-1.621851178677573557e+00,-1.310033939204655162e+00,-1.551206107570445081e+00,-1.755477071607300488e+00,-1.060839203017563959e+00,-3.208900241927191921e+00,-4.317048567092544253e+00,-2.625143733161237058e+00,-1.993754499498466615e+00,-1.612301032031862036e+00,-1.917301522317464535e+00,-1.953345849315682781e+00,-1.543509589462018106e+00,-1.286391764230991441e+00,-4.226179034523185885e-01,3.092330733635458295e-01,4.469083436003781773e-01
-6.041894583592901657e-01,-6.212226161265430591e-01,-8.737022703868889684e-01,-2.236720486685126907e+00,-1.719988635494825946e+00,-9.083548328858672694e-01,-9.237917719312717102e-01,-4.197405323915684994e-01,-1.801744774713353703e+00,-1.485239042738212500e+00,-2.096498395396952041e+00,-2.162175719261933526e+00,-1.947591356780753236e+00,-2.635840927192504957e+00,-2.752628090380495163e+00,-1.919372525720590250e+00,-2.770200128572993137e+00,-2.615012040925453363e+00,-2.004850466723090197e+00,-8.154690783519868980e-01,-2.824624312410212723e-01,-1.203256325202486599e+00,-9.975821003851572666e-01,3.516285397279420577e-01,4.516716382891282633e-01,1.605018426467794246e+00,5.202991522421619441e-01,1.350934433810952462e-01,-7.297753350562591335e-01,-1.305710757813928480e-01,1.384714877114958942e-01,1.174527170863963743e+00,-3.119233919070704131e-01,-1.152198168950618440e+00,-5.059430973753714644e-01,-8.104599481220917667e-01,-1.350063590594986263e+00,-2.147845468057539620e+00,-1.093887041957651185e+00,-1.602984757170399011e+00,-1.884401557637463753e+00,-3.372068772013248061e+00,-3.111374443791260269e+00,-1.269914502928591205e+00,-1.920956158236460931e+00,-8.689035813709025113e-01,-8.285568059073886715e-01,-1.203651315334055338e+00,-9.746256776199345717e-01,-1.397498696143055774e+00,-1.626563408834801994e+00,-2.296613552582184248e+00,-2.609504488553950452e+00,-3.612609773839618565e+00,-3.420292676357539197e+00,-2.455197165939890791e+00,-2.712127622978513397e+00,-2.342247317163090425e+00,-2.229672244971093065e+00,-2.187644936786542704e+00,-1.941303459149268829e+00,2.959477034028561437e-01,-7.842685718841352349e-02,4.886334829511655986e-01,9.351487805331404335e-01
-1.087465934984235494e+00,-5.047358264626121693e-01,-2.689384783303902626e+00,-1.694805715011659109e+00,-5.856088216122391499e-01,-1.228528422949512589e+00,-8.247370186872339248e-01,-1.617782712553023972e+00,-2.795920170524790471e+00,-2.748865555354552903e+00,-3.067172498498184741e+00,-2.355080233316438232e+00,-1.585385983669777676e+00,-2.248019419509048156e+00,-2.917317364485623621e+00,-3.793508172889763941e+00,-4.346874200793778620e+00,-3.047329964130230273e+00,-2.020927993595196703e+00,-1.072456751269093234e+00,-3.762395270565572769e-01,-6.706528296363046815e-01,-3.671661945951573136e-01,3.716456553154963149e-01,6.043453325257531761e-01,2.760803344440875828e-01,6.501204091028207621e-01,2.931316582945019400e-01,2.701045399137429063e-04,1.861727781267812909e-01,-7.115397886803463967e-01,9.947137096742431767e-03,1.193627833951395184e-01,-8.517547891166858953e-01,-1.458099843874228529e+00,-1.100386831183526093e+00,-1.641342646140353301e+00,-9.622431162708154906e-01,-8.390953620407417546e-01,-1.319723354448826269e+00,-2.887890051063890073e+00,-2.521191527430413082e+00,-1.783446782879760661e+00,-1.628053335150327907e+00,-8.438283703191474805e-01,-4.871337448359296940e-01,-1.572839853620073391e+00,-1.134170558353616132e+00,-7.838147152423470265e-01,-4.643507653399364110e-01,-1.940152586606777863e-01,-2.271899785215153678e+00,-3.854991805868492882e+00,-2.847778518700245343e+00,-2.535359490095125512e+00,-1.982837298344982457e+00,-2.745155598516392459e+00,-2.276350630574329514e+00,-3.776632509249303382e+00,-3.266002947204346363e+00,-3.386756757102052262e+00,-7.451477316483167135e-01,9.763187603510872781e-02,-1.443966753824307281e-01,2.110781640065513554e-01
-1.085026821557362187e+00,-7.188681428167660314e-01,-1.063486757012254147e+00,-1.448547718056331757e+00,-1.239716404033559760e+00,-1.699380377618782356e+00,-1.892896168591006401e+00,-1.495302149179535078e+00,-2.863020938690080008e+00,-2.977466386984761293e+00,-2.397842995760060436e+00,-2.283496632252574710e+00,-1.312612206331387643e+00,-1.920324662080437061e+00,-3.018527051831720431e+00,-3.893645211190732258e+00,-2.825876619115881727e+00,-1.545208407273869877e+00,-6.452567813586840284e-01,-8.090326895303751042e-01,-4.907266976929569036e-01,-1.130003273843092737e+00,-8.682936930128483111e-01,-1.545509655947897798e+00,-7.727243548656093086e-01,5.928809180188558958e-01,3.208351065542400793e-01,9.122443365744868915e-01,-1.366746105515774350e-03,-1.144326057845520772e+00,-7.069392576984377952e-01,-1.127887918944971535e+00,-8.028714112653911883e-02,-5.794243284251913151e-01,-1.762403918834259064e+00,-1.684761621252919284e+00,-7.808669060891937352e-01,-1.578626947128985325e+00,-1.010564501932819326e+00,-1.546404823341258172e+00,-2.527455442165345012e+00,-3.402179489851233196e+00,-1.583848178394728023e+00,-1.774758543402099153e+00,-1.631252717765827809e+00,-2.432020227815769431e+00,-1.984901363533402741e+00,-1.002237098878750121e+00,-1.744684124821280768e+00,-1.611297488531014954e+00,-1.860405706461333297e+00,-1.898455797696938285e+00,-2.429454169719983625e+00,-3.169534178756978182e+00,-3.187420222146601478e+00,-2.872703077100672076e+00,-2.433140456660218387e+00,-3.342757958721481071e+00,-3.493874348087306458e+00,-2.838539087804251793e+00,-2.848778070016877884e+00,-1.493052876707224641e+00,-1.694169697758910687e+00,-1.664084052027365868e+00,1.472364373149513163e-02
-2.110039384116261463e+00,-1.828520487662808280e+00,-1.776567440948537691e+00,-1.279511278684080544e+00,-2.043329917353649883e+00,-1.567252273660503903e+00,-1.712510130397112418e+00,-1.414838052220807274e+00,-1.696586917666885075e+00,-1.417594887012741056e+00,-1.605667332410869230e+00,-1.721044243110541050e+00,-1.685910401886443255e+00,-1.905700467718066893e+00,-1.840291336844500858e+00,-1.658357888849033346e+00,-2.072495835398756814e+00,-1.506801811099344413e+00,-1.722561277664462986e+00,-5.573268683188012940e-01,-3.843647169829034760e-01,-6.531678789844824751e-01,-1.622395134160891317e+00,-5.166824626928091524e-01,-1.169452758780189949e+00,-1.136551138601633731e-01,-1.095631898963314310e-01,3.116580754644122098e-01,-4.420748465182311460e-01,-5.588859796164773464e-01,-7.235062860925917105e-01,-2.868897241699424061e-01,-7.034237697944276668e-01,-5.005802904041768420e-01,-2.540075894808367707e+00,-1.473239761472803222e+00,-8.734403331609350563e-01,-1.232196134866292647e+00,9.708823890414078339e-02,-1.662316816024807853e+00,-2.201011536610875563e+00,-1.995792943044923717e+00,-1.867381942538984152e+00,-9.138975363346307779e-01,-1.989316659275907284e+00,-2.411261973653171076e+00,-1.528037473775783361e+00,-2.250466272652163369e+00,-2.480597159307435184e+00,-2.245481357931913280e+00,-1.550104268767190652e+00,-1.154495470407616020e+00,-1.829314671973361284e+00,-3.076544614763813357e+00,-3.456192338224647997e+00,-2.567260449212799944e+00,-3.351964778292783720e+00,-2.959020593706600089e+00,-3.551760502660619601e+00,-3.176931960513588837e+00,-2.825714483896005103e+00,-2.577428428442143815e+00,-2.519507837560382768e+00,-1.237621818386250183e+00,4.793347098743660495e-01
-3.174195783059174047e+00,-2.347542463152725745e+00,-2.342008680096552720e+00,-2.375602823500831295e+00,-1.926101210569323818e+00,-2.243538089204167640e+00,-1.285829778242235655e+00,-5.153942488955988166e-01,-1.632540712700229824e+00,-1.747667914699320590e+00,-2.074270452218361704e+00,-1.449825475643804706e+00,-1.723203697709257742e+00,-1.988511985393983217e+00,-2.332609708207873833e+00,-1.048679998145548797e+00,-1.440398046523311937e+00,-2.192277935640825515e+00,-1.605922055137966264e+00,-1.219029067872403171e+00,-6.878263680234947275e-01,-6.556946504063780878e-01,-1.385901303619469838e+00,-1.804113287587106873e-01,-1.579609414893659580e-01,3.666395410725386550e-01,-1.009527636453264154e+00,-5.250012102246134349e-01,2.196248409694726011e-02,-5.608531403731144005e-01,-7.140798859826946732e-01,-6.556524196386679382e-01,-1.055433074256294956e+00,-4.450614563213144415e-01,-1.394863785406540435e+00,-1.512990478586034637e+00,-1.434860117706468152e+00,-1.899623108299532737e+00,-7.268266332201110957e-01,-2.455337456538843721e+00,-1.664229953971829934e+00,-2.931195842662952522e+00,-2.450637933277375780e+00,-2.584011363521483418e+00,-2.576273480735662869e+00,-2.727181928079677853e+00,-2.940073581797744584e+00,-3.762163596041430136e+00,-2.254100368491412265e+00,-1.944795873220827920e+00,-2.642776093324669340e+00,-2.775486956414239259e+00,-2.715195054972785016e+00,-2.350779266204912954e+00,-2.211362177812708385e+00,-3.381592144912535236e+00,-3.490307261697865204e+00,-3.006760249535578744e+00,-3.936120836827552427e+00,-3.254003290484873023e+00,-3.388917907717071465e+00,-3.078878490852134941e+00,-2.307744660590241637e+00,-1.847029647959640641e+00,-1.098064878675548028e+00
-3.378930777708757383e+00,-2.020720489032454381e+00,-1.712262698805094630e+00,-1.824171864098149687e+00,-2.802876072051466494e+00,-2.165008818815778557e+00,-2.378925425792600024e+00,-1.410657281673810104e+00,-2.190617630771661162e+00,-1.865160611367791432e+00,-1.391785580013285006e+00,-2.474805741264397341e+00,-5.814941260704697967e-01,-2.473387408270411036e+00,-1.968777470898981807e+00,-2.340980570118956994e+00,-2.346820719725550841e+00,-3.091702496195067429e+00,-2.488399972043963793e+00,-2.055261002522275948e+00,-2.585711441219251117e-01,-4.464210243517316434e-01,-4.569809733950485620e-01,-3.326150801933699386e-01,-2.383298718435300154e-02,-3.703744453800475456e-01,-3.871430990495589031e-01,-7.508528228484359079e-01,-3.249015914326470189e-01,-1.113829508326686507e-01,-3.899504567058362237e-01,-6.626281474938123806e-01,-6.565336348008982137e-01,-1.906300455659200310e-01,-2.432430478011221031e-01,-1.001113393070166779e+00,-2.267625870603612093e+00,-1.683486305122221527e+00,-2.138724213723357970e+00,-2.823387933261984895e+00,-2.579788408195990534e+00,-2.336118213588409986e+00,-2.937176674629748963e+00,-3.009616202796421280e+00,-3.964733451976591549e+00,-4.222003671910866451e+00,-3.265253112754021636e+00,-3.542365744525757698e+00,-2.132078935351105820e+00,-2.590261588694419359e+00,-2.786419335293908173e+00,-1.696543885406327723e+00,-2.445936510159997912e+00,-2.795442469573399258e+00,-3.384394061553918753e+00,-3.883816878168833142e+00,-4.785846595658084901e+00,-3.461960092201267436e+00,-2.607450417009200105e+00,-4.072058209426556274e+00,-3.829345709561983835e+00,-3.008859030255876199e+00,-2.643005224082161320e+00,-1.711832174436147325e+00,-1.469399947742428658e+00
-2.553360067419985668e+00,-2.804468833162076180e+00,-2.375915410868486344e+00,-2.606732501850764105e+00,-2.638796711330413824e+00,-2.687199858121189777e+00,-2.592550177050875870e+00,-2.041263777057751305e+00,-1.735085613431245344e+00,-1.699926872997647997e+00,-2.022455813053941398e+00,-2.394952964230708581e+00,-1.691737197244783664e+00,-2.150520874324541420e+00,-1.989310781508415227e+00,-2.439512144576974961e+00,-1.649086251699612315e+00,-1.140080805945096865e+00,-2.813777108250547609e+00,-3.357741465428336181e+00,-2.285286501629203215e+00,-8.471378912715922249e-01,-6.588204881951162939e-01,-2.980492972778591224e-02,-9.224845422139827944e-01,-9.304560382874991209e-01,-4.764390572828303694e-01,-1.020530390350791738e-01,2.423810755645871007e-01,-2.642933312735878393e-01,6.163297130395304496e-02,-3.448870129484271074e-01,-3.192035769591581307e-01,-3.879206200797855053e-02,-6.794319555809470446e-01,-2.173114060758163379e+00,-1.583753088221997007e+00,-1.345716333637269058e+00,-3.162507883866272351e+00,-3.072975738761063447e+00,-2.656414052865210706e+00,-2.106188276757222866e+00,-3.131704940384242963e+00,-2.657757462879751120e+00,-3.286027409015115808e+00,-4.080381560696486609e+00,-4.248721659037090426e+00,-4.182754131148769261e+00,-3.053840386717148192e+00,-3.869144286789624854e+00,-4.103519908648044279e+00,-2.931634955858480218e+00,-2.876059970696172030e+00,-3.447270768288248632e+00,-2.947310563732600031e+00,-3.487684138344916640e+00,-3.801418000538664188e+00,-2.436809915434821505e+00,-2.838682840301656185e+00,-3.623368667524639708e+00,-2.624292014474133516e+00,-2.207437420834130748e+00,-1.376215689698045086e+00,-1.242036117553901420e+00,-1.419769525698619361e+00
-2.388139190370413445e+00,-1.933622253778883859e+00,-2.401583818084659150e+00,-2.620587905030916431e+00,-2.790099741152963109e+00,-2.392481515829942840e+00,-3.080939050472841334e+00,-1.823876586446236736e+00,-2.528985031719107823e+00,-1.821754354527611586e+00,-2.372423450956305579e+00,-2.652536474343720307e+00,-1.693525764764308494e+00,-1.980277340038306022e+00,-2.194628024303003855e+00,-2.034745015020297476e+00,-1.647792267469330385e+00,-2.008984642771661111e+00,-2.256128351264376608e+00,-2.314261964047693354e+00,-2.628274216639154837e+00,-5.461328952670252423e-01,-1.360457556497101317e+00,-1.118351196658925684e+00,-9.925299320367013678e-01,-7.341043375082229039e-01,-9.592955296508075547e-01,1.139464899584889807e-01,9.248860477318878726e-01,-1.944550888715964598e-01,1.356655193023305617e-01,-5.166966112509290276e-01,-9.072025081555517012e-01,-1.815515943221350570e+00,-2.195559654301450614e+00,-1.714173573445215926e+00,-1.414087801282725820e+00,-1.787139049120924028e+00,-3.725562045606568340e+00,-2.856492001528783131e+00,-3.493463830530841197e+00,-3.513602499834057369e+00,-4.482788980412107271e+00,-4.234778839181800869e+00,-4.197929940585694908e+00,-4.311441207851833823e+00,-4.643311017006458208e+00,-4.241829707853187692e+00,-4.417716430761887914e+00,-3.977831422108834225e+00,-4.544059463194597193e+00,-4.285972904330134448e+00,-3.179042017847128587e+00,-2.935848468457772142e+00,-2.668591621562473648e+00,-2.478287582730513972e+00,-2.225796602825171444e+00,-2.405894091813494118e+00,-2.898987081613437322e+00,-3.059454026119437398e+00,-2.040218560754388566e+00,-1.602928123787914938e+00,-1.179973764623894361e+00,-7.395348658057212532e-01,-6.131577887114648684e-01
-3.111610170236760009e+00,-2.936783791703981628e+00,-3.259428451474966071e+00,-3.241323515790730525e+00,-3.233605504660467034e+00,-2.942862541103380636e+00,-3.395513348815729415e+00,-3.192701983933287746e+00,-3.614169865048546537e+00,-4.055820232523265290e+00,-3.077515663791698497e+00,-3.099562683106654060e+00,-2.404880881013886640e+00,-1.656362471517768276e+00,-2.202215787140556102e+00,-2.200685030412004473e+00,-2.013959865709681551e+00,-2.448268997485916199e+00,-2.212482744720285055e+00,-2.054128641433022207e+00,-1.884703603598679056e+00,-1.656573587418886939e+00,-1.217425195446719899e+00,-4.387499547097356567e-01,-3.088370518743284165e-01,1.450704425020678812e-01,7.619020925466153393e-01,7.406960523207790636e-01,5.460619193307468811e-01,1.473089936569045022e-01,4.118115885715664115e-01,8.550583159404363809e-02,-1.349300842257592725e+00,-3.081359769741745858e+00,-2.996033681878637722e+00,-2.386271159980581924e+00,-2.491528781565610196e+00,-3.279199607833333197e+00,-2.507770639880870789e+00,-3.283673459362077107e+00,-3.124182321908909987e+00,-4.799943113361890390e+00,-5.029477385077890439e+00,-4.367722386910084964e+00,-5.607891521541391811e+00,-4.086100408480744406e+00,-4.170855682666454456e+00,-4.342543590627778727e+00,-4.983743443096940062e+00,-3.431608245232698362e+00,-4.331753274911563700e+00,-3.333507611543727212e+00,-2.941210546562647021e+00,-3.501183552760048112e+00,-3.204765178919474877e+00,-2.064969339993693254e+00,-3.106966348885823237e+00,-2.331863298045710575e+00,-2.847898414414161028e+00,-2.770386883874795370e+00,-3.200528380278825580e+00,-2.042992069429408808e+00,-1.514654456056550469e+00,-4.873413377191437301e-01,-4.086239017692524511e-01
-2.677483282546711418e+00,-2.976619544373522608e+00,-2.668324546427148114e+00,-3.749451779169279853e+00,-3.702609514477768649e+00,-3.323024013384387576e+00,-3.901792010872302985e+00,-4.708295956246824510e+00,-4.394621168371395825e+00,-2.990171689412971290e+00,-2.284708842899349612e+00,-2.201799974881795574e+00,-2.935353282685124743e+00,-2.236265177873653531e+00,-2.358645836779755811e+00,-1.535748249591933012e+00,-1.216938327875640491e+00,-1.632517371044614807e+00,-1.108315001549033507e+00,-2.250023220129135471e+00,-8.711522618447733457e-01,-1.108723640663056509e+00,-9.970289909438303511e-01,5.703510077947145929e-01,5.432799594004846799e-01,-1.415441229203301676e-01,-7.010734844037398716e-02,-8.008251217360298768e-02,-5.013771959142231394e-01,5.444979188741243953e-02,-6.208345024931041234e-01,-1.151473140894877067e+00,-3.067534589959012514e+00,-3.530732020023690687e+00,-3.032901954296687297e+00,-2.871360436254532633e+00,-3.954403409284436677e+00,-3.441173465505036777e+00,-3.234312438035412463e+00,-4.010319974018375255e+00,-4.704538304227697587e+00,-4.050624757226247041e+00,-4.244788601227522662e+00,-4.472261031164940448e+00,-4.758947911917678297e+00,-4.724179951402264876e+00,-4.295880715694914365e+00,-4.728475350937863197e+00,-4.663455322766801636e+00,-5.036011415901050725e+00,-4.290866796389630089e+00,-3.684303605313648866e+00,-3.394871281245074979e+00,-4.118122370331230186e+00,-2.491295704376861764e+00,-2.056431271461876431e+00,-1.932844207252035318e+00,-2.458447208877702739e+00,-2.213287077650511581e+00,-3.245348444023308243e+00,-4.488476504940170919e+00,-3.195259147349278184e+00,-2.220575162115475898e+00,-1.301997382604828113e+00,4.841691572153103418e-01
-3.924972864554949759e+00,-3.633788738597662160e+00,-3.409520009548889785e+00,-3.606736480267802580e+00,-4.360207292127292966e+00,-2.855825061076054716e+00,-4.053704814238562548e+00,-4.693073325118710670e+00,-3.817599276680083253e+00,-3.114180850543824430e+00,-2.313465588229251857e+00,-2.321087513936980429e+00,-2.956640269302111435e+00,-3.021331363470532327e+00,-2.090931769886724911e+00,-1.642563842772414517e+00,-1.502070488546769722e+00,-1.560010715574389639e+00,-1.517229455968984730e+00,-2.024474889041572467e+00,-1.129124650723706713e+00,-2.261554742271652874e+00,6.829136832133540780e-02,2.809062319245402839e-01,4.565102692307595467e-01,-2.178071236463778593e-01,1.209099493683050280e-01,-3.687236877612967700e-01,1.976528956659550917e-01,4.171849879684061402e-01,1.661285580273773044e-01,-6.785328969297763635e-01,-1.413514433015927274e+00,-2.351752378349598160e+00,-2.585712492772326065e+00,-2.181188460519753569e+00,-2.680626440053468507e+00,-2.320077836379234260e+00,-3.092678621562377383e+00,-3.648122238180748766e+00,-3.447397066218731876e+00,-3.603990154303610360e+00,-4.393861074768225627e+00,-5.374521996280811287e+00,-4.473565548043648477e+00,-4.537041528882678421e+00,-4.138715403386368230e+00,-4.762960444165394769e+00,-5.123146023486135014e+00,-4.575938240762579490e+00,-4.471672952604841988e+00,-4.128737833207758001e+00,-4.711065645861395090e+00,-4.384447861898648213e+00,-3.773015669646746506e+00,-4.292370065090756803e+00,-3.208151503862190168e+00,-2.856309793187750579e+00,-3.229808450345714288e+00,-3.853991810980506472e+00,-4.438550830072517606e+00,-4.500768081663243159e+00,-2.496218355486718110e+00,-1.531678482238540751e+00,-1.174852635522811495e+00
-4.127200642122039298e+00,-3.245013352368939508e+00,-3.337972618524791102e+00,-3.710066345295287782e+00,-4.521360974757882900e+00,-3.384305748308960027e+00,-3.671049569884941910e+00,-3.425105285553886159e+00,-3.980663939092373038e+00,-2.837723771690580765e+00,-3.882692040673240808e+00,-3.130964921360214426e+00,-2.184358386120053286e+00,-2.404626171062905104e+00,-1.215016898698386916e+00,-1.629521353581287135e+00,-1.003510688048610433e+00,-1.555386698270618595e+00,-2.344160257036091544e+00,-1.422350829676977124e+00,-1.386952099373593983e+00,-9.034203894897642195e-01,1.025429738249526546e+00,1.527353474970469804e-01,-1.384499694078013821e-01,8.499437095160916611e-01,8.656109327386297680e-01,2.413117863282414344e-01,2.499132537323289077e-02,7.972876924775573748e-01,7.713287333239684518e-01,-9.241947312214042753e-01,-9.290626863678013159e-01,-1.147398041332005514e+00,-1.796703296422510476e+00,-2.277427968820034287e+00,-1.701646386885193873e+00,-2.621754418346322613e+00,-2.095146513498927554e+00,-2.210832903101815461e+00,-2.360210228891897355e+00,-3.200916979873029700e+00,-4.147160572046959537e+00,-4.547703851261478469e+00,-3.083564699634969486e+00,-3.161480187114110940e+00,-3.858026466750018812e+00,-5.025192936047560011e+00,-4.819246974206685685e+00,-3.864051635655858075e+00,-4.657021110149229592e+00,-3.612026544711854914e+00,-4.675512681168529916e+00,-5.179477364712100851e+00,-4.386188703051823623e+00,-4.233654592736883160e+00,-4.236001250688200770e+00,-3.835137453980092204e+00,-3.288707434373110416e+00,-3.970915063176322590e+00,-5.524325062298681921e+00,-3.855646370979469051e+00,-2.567009685986971324e+00,-2.286948900965056986e+00,-1.990124920020969412e+00
-3.841973206766521542e+00,-4.605075402926707362e+00,-3.674844801446615961e+00,-4.025287455310591511e+00,-4.585344447162170489e+00,-4.793606039719055190e+00,-3.700285009193456709e+00,-2.987949815532049413e+00,-3.093006107179528286e+00,-3.148473519208545124e+00,-2.806545859206453386e+00,-2.016280635555271594e+00,-1.760124296303235525e+00,-2.326615085561754004e+00,-2.450849677956391304e+00,-2.709505965135972083e+00,-1.904697321994961001e+00,-1.288125709932144591e+00,-2.404677855579628876e+00,-1.339417557826236616e+00,-1.519996651487201866e+00,-6.288528339019316959e-01,1.413627875901847242e-01,8.006310731981974849e-02,1.188179190232761862e+00,9.847325250412328757e-01,6.689596493888085860e-01,3.919189252740725715e-01,5.888307049172002428e-01,8.348574940024394708e-01,-2.794170501794817837e-02,-5.642156213065705472e-01,-2.366936304274954994e-01,-1.210664818998053338e+00,-8.911174368165510895e-01,-4.241682729798409990e-01,-1.648920243073910274e+00,-1.639689717328086660e+00,-3.021731630335120933e+00,-3.857185333370027447e+00,-3.156616765142058689e+00,-3.391771258423026847e+00,-4.567994531319190088e+00,-4.420831405411694170e+00,-4.517235449068113695e+00,-3.715539270735408905e+00,-4.370677892287060828e+00,-5.662553124892777845e+00,-5.639431003613372795e+00,-4.633122016908598262e+00,-4.425239989041983790e+00,-3.948164235984825687e+00,-5.511050262737819949e+00,-5.339123910783344584e+00,-4.388296867690454128e+00,-3.939570782942256599e+00,-4.056544457577734519e+00,-3.622870331090886520e+00,-3.485852647843380225e+00,-3.824991899108070026e+00,-4.517496233766552294e+00,-4.478301232273611099e+00,-3.126301313945448968e+00,-2.832015588665885542e+00,-3.337457138518193922e+00
-4.554652743275865667e+00,-4.826122215705976437e+00,-4.674655508461208697e+00,-4.031636284208884646e+00,-4.117500785032853550e+00,-4.299637642443482122e+00,-3.317595084075564582e+00,-3.245461004262113924e+00,-2.469734467815854373e+00,-3.461128952153094129e+00,-3.668408201982595873e+00,-3.379051204479550208e+00,-3.150558644735817815e+00,-1.988003093507174412e+00,-1.750237860796483025e+00,-2.270952982994010938e+00,-1.880316034626509758e+00,-1.732578205941176508e+00,-1.563729388268951137e+00,-2.176979007888334205e+00,-1.759188324930355929e+00,-2.115715773300463454e+00,-8.474207993690525687e-01,-3.791649122773252945e-01,2.448376682364379775e+00,1.477466056753980350e+00,9.045413372219723858e-01,3.192593503551350298e-01,9.442652088400635968e-01,2.703673416819150077e-01,2.777146451044865127e-01,2.500376203459351854e-01,-8.294383749545308770e-01,-5.505691077904141251e-01,-6.403871746085929573e-01,-3.769257376281203165e-01,-1.461738194486637887e+00,-1.856698619776800285e+00,-3.443920194817598812e+00,-2.799820790170621354e+00,-3.212813817697569796e+00,-3.644861672125156549e+00,-5.442810870068641727e+00,-5.285490316608841610e+00,-5.229210964918823201e+00,-4.827406546288107947e+00,-4.846502919599266157e+00,-5.161962583863283882e+00,-5.154822501277099178e+00,-4.808767142059818589e+00,-4.708798480919363705e+00,-4.607996807378817117e+00,-3.747036924785395406e+00,-2.981177377639283144e+00,-2.612748953316655243e+00,-3.317116763478770380e+00,-3.245252391956060301e+00,-2.851176831548190904e+00,-3.335751526882284601e+00,-3.655121486081666760e+00,-4.527394168237885097e+00,-3.933531876325851329e+00,-3.448086451246164863e+00,-4.457222913377229645e+00,-4.280509041198001796e+00
-4.299979082064959712e+00,-5.517080111600725978e+00,-5.276970915192284117e+00,-5.237306249288009141e+00,-4.866801780590953364e+00,-4.353695295331093007e+00,-5.161062225512111468e+00,-3.767269248541115445e+00,-3.206350439720258017e+00,-3.557712248149610623e+00,-3.440073192158170201e+00,-3.335855076322620238e+00,-3.223045823712398228e+00,-1.980173685010591322e+00,-2.589833137837596500e+00,-2.868303102239692315e+00,-2.644762009049625995e+00,-1.443210245417744231e+00,-1.462480205669106637e+00,-1.705192361423375269e+00,-1.956058263628733807e+00,-1.447254174941863702e+00,-1.515744715097147477e+00,1.194501724109111804e-02,1.080379773486004780e+00,1.270297786880294710e+00,8.449899271317262706e-01,8.605999077962299681e-01,9.744454733926670720e-01,5.512043935803639938e-01,1.012114822626901667e+00,8.158295689735532985e-01,8.392761774994788038e-01,6.861374416930396958e-01,-1.745281205147527492e-01,-7.643152084567763627e-01,-1.368128579287919644e+00,-2.012379029445744649e+00,-2.468362173671330595e+00,-2.746435274756343858e+00,-3.913842211292510864e+00,-3.793025084800184743e+00,-4.823864738175640099e+00,-5.321889217822050711e+00,-5.292054658260802569e+00,-4.743300867459020687e+00,-4.750634583644968600e+00,-5.768335499639769992e+00,-5.151536740327379960e+00,-4.925047668467560591e+00,-5.415292540747883798e+00,-3.738046255807259133e+00,-4.176257340066801049e+00,-2.856013038955293126e+00,-2.925002225143052748e+00,-3.257837639962045451e+00,-3.508432199348869851e+00,-3.568664690200506584e+00,-3.769665211114943126e+00,-3.968687895064873405e+00,-5.076186829614814044e+00,-5.055712971638418374e+00,-5.059340469027948650e+00,-4.590792100255071340e+00,-4.781856870217280786e+00
-4.113011788907842359e+00,-4.152355744743580601e+00,-4.947144148813443110e+00,-3.710739556028975983e+00,-4.473026854024981347e+00,-3.866844404488742892e+00,-4.516829856009496602e+00,-3.993381344477385131e+00,-4.188938883853413842e+00,-3.268654475112724889e+00,-4.107107708007837310e+00,-3.465778680441832016e+00,-4.154453942909600350e+00,-3.589826193054160175e+00,-3.500294328667614252e+00,-3.797148528464332706e+00,-2.761081940333907081e+00,-2.422574245946174543e+00,-1.869237008840000325e+00,-1.516134188401276450e+00,-1.652485862179936760e+00,-2.165956088135902569e+00,-1.737587776406195106e+00,-4.663446838684318085e-01,1.216842416637456514e+00,3.946013817295288550e-01,-5.727828414079692843e-02,3.453168420139594019e-01,6.336847356228952899e-01,8.397116963835440373e-01,1.289489955358338547e+00,9.128166877681156421e-01,4.294354400021478391e-01,6.733895420055870940e-01,4.999083258833211807e-01,3.203745535840504255e-01,-8.884825875142319251e-01,-2.101089357918925593e+00,-2.042344940883975557e+00,-3.191582728005012193e+00,-3.957938199029487070e+00,-4.285132857868691580e+00,-4.270164014649205697e+00,-4.546426422106340404e+00,-5.721550923741936856e+00,-5.101618334945145605e+00,-4.902020351799537323e+00,-5.775158311371859199e+00,-4.290471114546279274e+00,-5.132172726835099397e+00,-4.125867867755049545e+00,-5.131437978400764877e+00,-4.690084844806512443e+00,-3.326073109248956605e+00,-2.252475521880976217e+00,-2.868111758880403261e+00,-2.839436749581868646e+00,-4.231303774433904152e+00,-5.213856242214614412e+00,-4.950857844889384296e+00,-4.938001872173026108e+00,-4.954877204282286840e+00,-4.275779006818091865e+00,-4.832273805998977600e+00,-5.406828369906278020e+00
-3.358639519799273554e+00,-3.354062495792709431e+00,-4.015980190360261659e+00,-3.553673060112439330e+00,-3.324198574072280365e+00,-3.189614146312012011e+00,-4.149904778931827742e+00,-3.834114826693422184e+00,-4.429146995844755352e+00,-3.674822868620059246e+00,-3.785144014318349015e+00,-4.326643099587918151e+00,-5.306040050455209212e+00,-4.317424781595005534e+00,-3.469103718364914268e+00,-3.871916857133864021e+00,-4.036173257827423200e+00,-2.734428746847929581e+00,-2.427358619045715038e+00,-1.224361542595370667e+00,-1.268668599632948091e+00,-1.219177468588721114e+00,-8.480738725391514521e-01,-3.499377023587121327e-01,-5.042518654968797254e-01,4.838361668520252401e-01,-9.813696563573959253e-02,-1.132647179021144396e-01,4.125671741559066574e-01,1.293821117383533892e+00,1.793257463566745535e+00,1.434751305973002378e+00,1.264056548358555965e+00,5.140992197287854726e-01,3.856544887582283310e-01,-7.291720816017338569e-01,-1.087451136433871479e+00,-2.913789253061978446e+00,-3.376854557332645612e+00,-3.792861401842539504e+00,-3.788026094147729950e+00,-4.234027638598557353e+00,-4.064278291560335710e+00,-4.027182916214153252e+00,-5.071692142356233113e+00,-4.477719043250599995e+00,-5.270010517673538786e+00,-6.326009849426799114e+00,-6.412717580769059289e+00,-5.511030715924434276e+00,-5.771194753895247054e+00,-5.301819682885110296e+00,-5.843943378503141162e+00,-3.939206649428892870e+00,-3.733871866592049393e+00,-3.654450493912084763e+00,-5.065181448215779980e+00,-4.229342364987901171e+00,-4.797750207781927401e+00,-6.328698213107418979e+00,-5.678231383252279940e+00,-4.689283916303905286e+00,-4.983319188064013083e+00,-5.446684800946602678e+00,-5.787635074791642964e+00
-2.373935048621320654e+00,-2.791119271306944150e+00,-3.131601398271564030e+00,-2.785919478119072590e+00,-2.356091868960139113e+00,-3.423128187797232158e+00,-2.572014999257401513e+00,-3.988021952695335326e+00,-5.080574128334848893e+00,-4.219829671574181873e+00,-4.351408954370145743e+00,-4.734104215078184019e+00,-5.266251792867570281e+00,-4.262206561004719951e+00,-3.683882691926084973e+00,-4.663155908503199498e+00,-4.561546444289660940e+00,-3.191575825010697809e+00,-3.151985477555985682e+00,-1.984629422005658173e+00,-1.113185130005949208e+00,-1.289261533832500195e+00,-5.559936062229613452e-01,-2.613172185121849234e-01,-2.607349729308068298e-01,4.118565741944952285e-01,-4.470395532342460454e-01,-4.777709204586764180e-01,9.992745624733188059e-01,7.864643905590114059e-01,5.459580092117120032e-01,2.007901941449157235e+00,2.228405642296830802e+00,1.416387383322947446e+00,1.654273354665716234e+00,5.714008514529865801e-01,-3.969465148535598065e-01,-2.065383902629076562e+00,-3.740849425679386719e+00,-4.201814347437521135e+00,-4.357544351374379232e+00,-4.999543620830173118e+00,-3.971714895385480837e+00,-4.423630322204806120e+00,-3.895856225372047899e+00,-5.663387735999712014e+00,-6.279513272169833016e+00,-6.900602427094906233e+00,-7.815195105559702426e+00,-6.067797155604987225e+00,-5.203432133666870740e+00,-4.862164755397318849e+00,-5.100718876821117576e+00,-4.456956803794037469e+00,-4.623268423330434196e+00,-4.221537806419918049e+00,-5.044350668038115160e+00,-4.442394222431403250e+00,-5.351355443604846052e+00,-5.976980950598541398e+00,-5.881142140161753851e+00,-5.556037191181294688e+00,-4.937106561277037287e+00,-4.638577073934123440e+00,-6.695813422417319138e+00
